nodeID,airportCode,nodeName,latitude,longitude,diameter,nodeTypeID,runwayAssociation,spotFlag
10001,ATL,08L/26R.01,33.649538785543754,-84.43883926497557,150.0,60,08L/26R  ,false
10002,ATL,08R/26L.01,33.646792719223264,-84.43820562254537,150.0,60,08R/26L      ,false
10003,ATL,08L/26R.02,33.64955836886641,-84.40965926636629,150.0,60,08L/26R  ,false
10004,ATL,08R/26L.02,33.64681057175483,-84.40570755260494,150.0,60,08R/26L      ,false
10005,ATL,09L/27R.01,33.63470123578681,-84.44778166303576,150.0,60,09L/27R      ,false
10006,ATL,09L/27R.02,33.63472203432973,-84.40765239558392,150.0,60,09L/27R      ,false
10007,ATL,09R/27L.01,33.631823669902374,-84.44777703877457,150.0,60,09R/27L      ,false
10008,ATL,09R/27L.02,33.63185026016524,-84.41866883583393,150.0,60,09R/27L      ,false
10009,ATL,10/28.01,33.62026234234004,-84.44757545145588,150.0,60,10/28      ,false
10010,ATL,10/28.02,33.62028762752628,-84.41855577133731,150.0,60,10/28      ,false
10015,ATL,08L/26R.12,33.64954430999658,-84.43719840447972,150.0,60,08L/26R  ,false
10016,ATL,08L/26R.03,33.649553027941124,-84.43066143960638,150.0,60,08L/26R  ,false
10017,ATL,08L/26R.04,33.64956194450145,-84.42833849605772,150.0,60,08L/26R  ,false
10018,ATL,08L/26R.05,33.64954961462675,-84.42596589681465,150.0,60,08L/26R      ,false
10019,ATL,08L/26R.06,33.64954994472786,-84.42338090952916,150.0,60,08L/26R  ,false
10020,ATL,08L/26R.07,33.64954220253737,-84.42282208551227,150.0,60,08L/26R  ,false
10021,ATL,08L/26R.08,33.64953726406836,-84.42239040035781,150.0,60,08L/26R  ,false
10022,ATL,08L/26R.09,33.64954668243135,-84.42197349666132,150.0,60,08L/26R  ,false
10023,ATL,08L/26R.10,33.64956636322149,-84.41810819213609,150.0,60,08L/26R  ,false
10024,ATL,08L/26R.11,33.64954301197432,-84.4108677867584,150.0,60,08L/26R  ,false
10025,ATL,08R/26L.03,33.64680156862216,-84.43629276698351,150.0,60,08R/26L      ,false
10026,ATL,08R/26L.04,33.64682416709742,-84.43135876614551,150.0,60,08R/26L      ,false
10027,ATL,08R/26L.05,33.646799471781335,-84.42876185980622,150.0,60,08R/26L      ,false
10028,ATL,08R/26L.06,33.64679650248719,-84.42438203478949,150.0,60,08R/26L      ,false
10029,ATL,08R/26L.07,33.646793125761434,-84.42337456589807,150.0,60,08R/26L      ,false
10030,ATL,08R/26L.08,33.64680436846216,-84.4223839630601,150.0,60,08R/26L      ,false
10031,ATL,08R/26L.09,33.646794083667224,-84.41725720939041,150.0,60,08R/26L      ,false
10032,ATL,08R/26L.10,33.646804371432815,-84.41638093449879,150.0,60,08R/26L      ,false
10033,ATL,08R/26L.11,33.6467942494635,-84.408281661414,150.0,60,08R/26L      ,false
10034,ATL,09L/27R.03,33.63472391175059,-84.44485583136412,150.0,60,09L/27R      ,false
10035,ATL,09L/27R.04,33.63471824184044,-84.44194241555724,150.0,60,09L/27R      ,false
10036,ATL,09L/27R.05,33.634722176873204,-84.44023683499198,150.0,60,09L/27R      ,false
10037,ATL,09L/27R.06,33.634714636130774,-84.43608235783321,150.0,60,09L/27R      ,false
10038,ATL,09L/27R.07,33.634720585717034,-84.43312089328207,150.0,60,09L/27R      ,false
10039,ATL,09L/27R.08,33.63472432864846,-84.42990151934441,150.0,60,09L/27R      ,false
10040,ATL,09L/27R.09,33.63471282552847,-84.42845491633287,150.0,60,09L/27R      ,false
10041,ATL,09L/27R.10,33.63471331097242,-84.42708447554695,150.0,60,09L/27R      ,false
10042,ATL,09L/27R.11,33.63470307062078,-84.42234796610985,150.0,60,09L/27R      ,false
10043,ATL,09L/27R.12,33.63471495198239,-84.42179481883915,150.0,60,09L/27R      ,false
10044,ATL,09L/27R.13,33.63472092024403,-84.42049070704199,150.0,60,09L/27R      ,false
10045,ATL,09L/27R.14,33.63471043765572,-84.41768430658732,150.0,60,09L/27R      ,false
10046,ATL,09L/27R.15,33.63471631020569,-84.41609173682721,150.0,60,09L/27R      ,false
10047,ATL,09L/27R.16,33.63471201036349,-84.41057280564833,150.0,60,09L/27R      ,false
10048,ATL,09L/27R.17,33.63471466937436,-84.40927700588882,150.0,60,09L/27R      ,false
10049,ATL,09L/27R.18,33.634725052553236,-84.40842141242679,150.0,60,09L/27R      ,false
10050,ATL,09R/27L.03,33.63181922963341,-84.44156581931311,150.0,60,09R/27L      ,false
10051,ATL,09R/27L.04,33.631812216088704,-84.4398427176,150.0,60,09R/27L      ,false
10052,ATL,09R/27L.05,33.63183898036754,-84.43489819595624,150.0,60,09R/27L      ,false
10053,ATL,09R/27L.06,33.63182639913281,-84.43423796196308,150.0,60,09R/27L      ,false
10054,ATL,09R/27L.07,33.631843429304816,-84.43301375778248,150.0,60,09R/27L      ,false
10055,ATL,09R/27L.08,33.63183740877216,-84.43183379451905,150.0,60,09R/27L      ,false
10056,ATL,09R/27L.09,33.631838757102955,-84.42705458828706,150.0,60,09R/27L      ,false
10057,ATL,09R/27L.10,33.631823760909626,-84.42572082232189,150.0,60,09R/27L      ,false
10058,ATL,09R/27L.11,33.63186335846667,-84.420532727624,150.0,60,09R/27L      ,false
10059,ATL,09R/27L.12,33.631848131682275,-84.41921798875728,150.0,60,09R/27L      ,false
10060,ATL,10/28.03,33.62028011559578,-84.44641224989147,150.0,60,10/28      ,false
10061,ATL,10/28.04,33.62030492471235,-84.44024751484457,150.0,60,10/28      ,false
10062,ATL,10/28.05,33.620296416611055,-84.43595322707368,150.0,60,10/28      ,false
10063,ATL,10/28.06,33.62029317037086,-84.43360391990619,150.0,60,10/28      ,false
10064,ATL,10/28.07,33.620266793800944,-84.42657396713572,150.0,60,10/28      ,false
10065,ATL,10/28.08,33.62028680781854,-84.41994189481355,150.0,60,10/28      ,false
10066,ATL,S.A3.01,33.651135222141136,-84.43197052836666,150.0,20,      ,true
10067,ATL,S.A5.01,33.65112899959211,-84.4258952125573,150.0,20,      ,true
10068,ATL,S.D.01,33.65115628014806,-84.42214725590247,150.0,20,      ,true
10069,ATL,S.A7.01,33.65113092238515,-84.41884711038615,150.0,20,      ,true
10070,ATL,S.A11.01,33.65175931326499,-84.41455759063194,150.0,20,      ,true
10071,ATL,S.A13.01,33.65180577442499,-84.41356839113261,150.0,20,      ,true
10072,ATL,S.1N.01,33.64390607597634,-84.44116445923056,150.0,20,      ,true
10074,ATL,S.1N.03,33.643909623839185,-84.44048911746275,150.0,20,      ,true
10075,ATL,S.2N.01,33.644089107203094,-84.4378789185317,150.0,20,      ,true
10076,ATL,S.2N.02,33.644088875197966,-84.43722614933401,150.0,20,      ,true
10077,ATL,S.3N.01,33.64409226004914,-84.43458465909727,150.0,20,      ,true
10078,ATL,S.3N.02,33.64409667832625,-84.43394560232932,150.0,20,      ,true
10079,ATL,S.4N.01,33.64409338786509,-84.43130155606397,150.0,20,      ,true
10080,ATL,S.4N.02,33.644092071480564,-84.43065335514153,150.0,20,      ,true
10081,ATL,S.5N.01,33.64409826735442,-84.42805867268777,150.0,20,      ,true
10082,ATL,S.5N.02,33.64409660771563,-84.42732460042369,150.0,20,      ,true
10083,ATL,S.DN.01,33.64305842282752,-84.42234455532339,150.0,20,      ,true
10084,ATL,S.DN.02,33.64272793246432,-84.42174252638972,150.0,20,      ,true
10085,ATL,S.DS.01,33.63707965159353,-84.42233723539911,150.0,20,      ,true
10086,ATL,S.8S.01,33.63699301682486,-84.42145581513678,150.0,20,      ,true
10087,ATL,S.E10.01,33.644738984001684,-84.41628066780386,150.0,20,      ,true
10088,ATL,S.1S.01,33.63704814046794,-84.44112780405924,150.0,20,      ,true
10089,ATL,S.1S.02,33.637126618979316,-84.44047898916139,150.0,20,      ,true
10090,ATL,S.2S.01,33.63714648882904,-84.43779546831263,150.0,20,      ,true
10091,ATL,S.2S.02,33.637143314902744,-84.43717237639571,150.0,20,      ,true
10092,ATL,S.3S.01,33.63713956904302,-84.43458733995445,150.0,20,      ,true
10093,ATL,S.3S.02,33.63713454850736,-84.43392655572016,150.0,20,      ,true
10094,ATL,S.4S.01,33.63714178364548,-84.43130277935148,150.0,20,      ,true
10095,ATL,S.4S.02,33.637140128914844,-84.43064262294163,150.0,20,      ,true
10096,ATL,S.5S.01,33.637151889376284,-84.42802109802852,150.0,20,      ,true
10097,ATL,S.5S.02,33.63699658809368,-84.42733491249425,150.0,20,      ,true
10098,ATL,S.6S.01,33.63698006861969,-84.42417263509283,150.0,20,      ,true
10099,ATL,S.9S.01,33.636990056132106,-84.41823801818786,150.0,20,      ,true
10100,ATL,S.9S.02,33.6369910590316,-84.41746236172634,150.0,20,      ,true
10101,ATL,S.R6.01,33.63016691625535,-84.42924559093775,150.0,20,      ,true
10102,ATL,S.R10.01,33.62991268269883,-84.42616182469207,150.0,20,      ,true
10103,ATL,S.R12.01,33.629659376709704,-84.42439106253799,150.0,20,      ,true
10104,ATL,BAY.1,33.628099580785936,-84.42967546918459,150.0,10,      ,false
10105,ATL,BAY.2,33.62743834555891,-84.42967408024097,150.0,10,      ,false
10106,ATL,BAY.3,33.626741990895404,-84.42967934599079,150.0,10,      ,false
10107,ATL,BAY.4,33.62600087974285,-84.42967627018821,150.0,10,      ,false
10108,ATL,BAY.5,33.626012341000354,-84.42745241673677,150.0,10,      ,false
10109,ATL,BAY.6,33.62672441245474,-84.42748291878223,150.0,10,      ,false
10110,ATL,BAY.7,33.62742393323881,-84.4274296056323,150.0,10,      ,false
10111,ATL,BAY.8,33.62813322468989,-84.42744787080247,150.0,10,      ,false
10112,ATL,F1,33.637395236246704,-84.41950273258513,150.0,10,      ,false
10113,ATL,F3,33.6380756799345,-84.41936978455747,150.0,10,      ,false
10114,ATL,F5,33.63882693644025,-84.41932521970955,150.0,10,      ,false
10115,ATL,F7,33.63944975353333,-84.41892104438163,150.0,10,      ,false
10116,ATL,F9,33.639897527101965,-84.41847125977273,150.0,10,      ,false
10117,ATL,F2,33.637307314477475,-84.42021608348898,150.0,10,      ,false
10118,ATL,F4,33.63798423593949,-84.42035346656165,150.0,10,      ,false
10119,ATL,F6,33.63862622930764,-84.42038038227751,150.0,10,      ,false
10120,ATL,F8,33.63926436313552,-84.42041535704804,150.0,10,      ,false
10121,ATL,F10,33.63985191036727,-84.4204672755229,150.0,10,      ,false
10122,ATL,F12,33.64040124835337,-84.42050690719435,150.0,10,      ,false
10123,ATL,F14,33.6409437415887,-84.42042716657912,150.0,10,      ,false
10124,ATL,E17,33.64026288639496,-84.42328175094525,150.0,10,      ,false
10125,ATL,E15,33.640267719918036,-84.42397021337958,150.0,10,      ,false
10126,ATL,E11,33.64011837012841,-84.42487426941005,150.0,10,      ,false
10127,ATL,E9,33.63940624378968,-84.42528946560697,150.0,10,      ,false
10128,ATL,E7,33.638851126089705,-84.42532286499261,150.0,10,      ,false
10129,ATL,E5,33.63833030284007,-84.42531967749524,150.0,10,      ,false
10130,ATL,E3,33.63780800661764,-84.42529265648828,150.0,10,      ,false
10131,ATL,E1,33.6372899190551,-84.42531556848321,150.0,10,      ,false
10132,ATL,E2,33.63729175052738,-84.4261911922012,150.0,10,      ,false
10133,ATL,E4,33.63781287113609,-84.42617933777639,150.0,10,      ,false
10134,ATL,E6,33.638321467355404,-84.42623864794055,150.0,10,      ,false
10135,ATL,E8,33.638849926749735,-84.42622221953847,150.0,10,      ,false
10136,ATL,E10,33.63943232366791,-84.42619738039842,150.0,10,      ,false
10137,ATL,E12,33.64005935303827,-84.42621312963513,150.0,10,      ,false
10138,ATL,E18,33.64106013252963,-84.42335895277296,150.0,10,      ,false
10139,ATL,E16,33.640998976592606,-84.42397632884393,150.0,10,      ,false
10140,ATL,E14,33.641228957217415,-84.42483145415586,150.0,10,      ,false
10141,ATL,E27,33.64197287498488,-84.42533235888928,150.0,10,      ,false
10142,ATL,E29,33.64245964334531,-84.42535470534095,150.0,10,      ,false
10143,ATL,E31,33.64297554757849,-84.42537384685976,150.0,10,      ,false
10144,ATL,E33,33.64349667793046,-84.42536860823954,150.0,10,      ,false
10145,ATL,E35,33.64401169008822,-84.42535934790894,150.0,10,      ,false
10146,ATL,E26,33.64125276810777,-84.42623909948254,150.0,10,      ,false
10147,ATL,E28,33.641870275580246,-84.42625313098534,150.0,10,      ,false
10148,ATL,E30,33.642478017308896,-84.42619215988783,150.0,10,      ,false
10149,ATL,E32,33.64298330007948,-84.42618565920252,150.0,10,      ,false
10150,ATL,E34,33.64349362523367,-84.42623312750295,150.0,10,      ,false
10151,ATL,E36,33.64401679914344,-84.42621408547342,150.0,10,      ,false
10152,ATL,T1,33.63738542787708,-84.44208623092034,150.0,10,      ,false
10153,ATL,T2,33.637892213665985,-84.44206534824322,150.0,10,      ,false
10154,ATL,T3,33.63840689703873,-84.44208305563626,150.0,10,      ,false
10155,ATL,T4,33.63881971052634,-84.44204551253519,150.0,10,      ,false
10156,ATL,T5,33.639229069523566,-84.44204567624277,150.0,10,      ,false
10157,ATL,T6,33.63963745469287,-84.44207731946608,150.0,10,      ,false
10158,ATL,T7,33.64005337717814,-84.44210186353244,150.0,10,      ,false
10159,ATL,T8,33.64047319836643,-84.44208502828566,150.0,10,      ,false
10160,ATL,T9,33.641156245006705,-84.44194543699373,150.0,10,      ,false
10161,ATL,T10,33.64143744593027,-84.44199032293952,150.0,10,      ,false
10162,ATL,T11,33.64187509092111,-84.4419638771041,150.0,10,      ,false
10163,ATL,T12,33.64225356825753,-84.44197876698921,150.0,10,      ,false
10164,ATL,T13,33.64262802399648,-84.44208112600691,150.0,10,      ,false
10165,ATL,T14,33.642997586690875,-84.44191865572382,150.0,10,      ,false
10166,ATL,T15,33.64326053627243,-84.44187966316012,150.0,10,      ,false
10167,ATL,T16,33.643493656036256,-84.44193531253036,150.0,10,      ,false
10168,ATL,T17,33.64383594386133,-84.44218593652509,150.0,10,      ,false
10169,ATL,T16A,33.64337945013399,-84.44189571640773,150.0,10,      ,false
10170,ATL,A2,33.63756888230829,-84.43959848626695,150.0,10,      ,false
10171,ATL,A4,33.63798331184066,-84.43959889485369,150.0,10,      ,false
10172,ATL,A6,33.63844494946217,-84.43960785098399,150.0,10,      ,false
10173,ATL,A10,33.63895635902333,-84.43954949845168,150.0,10,      ,false
10174,ATL,A12,33.639479977468135,-84.43954514580939,150.0,10,      ,false
10175,ATL,A16,33.63999445933042,-84.43958057973897,150.0,10,      ,false
10176,ATL,A18,33.640497507963595,-84.43960872350691,150.0,10,      ,false
10177,ATL,A1,33.63764835942269,-84.43877689900401,150.0,10,      ,false
10178,ATL,A3,33.6380066100143,-84.438714711612,150.0,10,      ,false
10179,ATL,A5,33.63841473841627,-84.43871359344048,150.0,10,      ,false
10180,ATL,A7,33.638819480044994,-84.43873195907679,150.0,10,      ,false
10181,ATL,A9,33.639237513235216,-84.43875454534854,150.0,10,      ,false
10182,ATL,A11,33.63969394044959,-84.4387751972652,150.0,10,      ,false
10183,ATL,A15,33.64014772675892,-84.43873371610472,150.0,10,      ,false
10184,ATL,A17,33.64056167638834,-84.43874087440265,150.0,10,      ,false
10185,ATL,A19,33.641227055509844,-84.43875722984993,150.0,10,      ,false
10186,ATL,A21,33.64169765347218,-84.43880836815197,150.0,10,      ,false
10187,ATL,A25,33.64222959653859,-84.43882377482086,150.0,10,      ,false
10188,ATL,A27,33.642655430134525,-84.43874823914503,150.0,10,      ,false
10189,ATL,A29,33.6430517717876,-84.43873563705456,150.0,10,      ,false
10190,ATL,A31,33.64343596041249,-84.43878066179333,150.0,10,      ,false
10191,ATL,A33,33.64379939726909,-84.43879948649321,150.0,10,      ,false
10192,ATL,A34,33.64365362705071,-84.43963109809232,150.0,10,      ,false
10193,ATL,A32,33.643318838706776,-84.43966882932884,150.0,10,      ,false
10194,ATL,A30,33.64291512230834,-84.43963894212645,150.0,10,      ,false
10195,ATL,A28,33.64249486712261,-84.439679602671,150.0,10,      ,false
10196,ATL,A26,33.64207364241836,-84.43965306351,150.0,10,      ,false
10197,ATL,A24,33.641638581935084,-84.43962329020188,150.0,10,      ,false
10198,ATL,A20,33.6412083781196,-84.43966688144631,150.0,10,      ,false
10199,ATL,B1,33.637615392574396,-84.43545559099029,150.0,10,      ,false
10200,ATL,B3,33.637924423610045,-84.43549335275976,150.0,10,      ,false
10201,ATL,B5,33.63834100223383,-84.43550471067117,150.0,10,      ,false
10202,ATL,B7,33.638743069294634,-84.43553005013764,150.0,10,      ,false
10203,ATL,B9,33.63916846418754,-84.43555275654883,150.0,10,      ,false
10204,ATL,B11,33.63957567985491,-84.43551822887626,150.0,10,      ,false
10205,ATL,B13,33.63998832316394,-84.43552951937302,150.0,10,      ,false
10206,ATL,B17,33.6403943927715,-84.43544722861735,150.0,10,      ,false
10207,ATL,B2,33.637525021994705,-84.43630414788021,150.0,10,      ,false
10208,ATL,B4,33.63792172392114,-84.43631244801789,150.0,10,      ,false
10209,ATL,B6,33.63834412882644,-84.43632070981803,150.0,10,      ,false
10210,ATL,B10,33.63875531291634,-84.43629716834809,150.0,10,      ,false
10211,ATL,B12,33.63915394118088,-84.43632398672831,150.0,10,      ,false
10212,ATL,B14,33.63957544896486,-84.43628388852265,150.0,10,      ,false
10213,ATL,B16,33.639991642363846,-84.43628137053993,150.0,10,      ,false
10214,ATL,B18,33.64037959763555,-84.43635870955579,150.0,10,      ,false
10215,ATL,B20,33.641010994478265,-84.4363564720446,150.0,10,      ,false
10216,ATL,B22,33.64139467132153,-84.43635789252316,150.0,10,      ,false
10217,ATL,B24,33.64182244981441,-84.43637679877337,150.0,10,      ,false
10218,ATL,B26,33.64222622887628,-84.43637129894366,150.0,10,      ,false
10219,ATL,B28,33.6426400042601,-84.43636474780862,150.0,10,      ,false
10220,ATL,B32,33.64304838504916,-84.43634481389294,150.0,10,      ,false
10221,ATL,B34,33.64343086519998,-84.43634792810444,150.0,10,      ,false
10222,ATL,B36,33.64379638803829,-84.43632512041478,150.0,10,      ,false
10223,ATL,B33,33.64381213131933,-84.4354874925271,150.0,10,      ,false
10224,ATL,B31,33.643398716848495,-84.43544077893245,150.0,10,      ,false
10225,ATL,B29,33.642988128784175,-84.4354481170196,150.0,10,      ,false
10226,ATL,B27,33.64257468073115,-84.43543331794676,150.0,10,      ,false
10227,ATL,B25,33.64216365802079,-84.43545320325423,150.0,10,      ,false
10228,ATL,B23,33.64175007254246,-84.43544839484673,150.0,10,      ,false
10229,ATL,B21,33.6413492117611,-84.43545698330891,150.0,10,      ,false
10230,ATL,B19,33.64102505973602,-84.43542813719655,150.0,10,      ,false
10231,ATL,D1A,33.63746026557448,-84.42897906137262,150.0,10,      ,false
10232,ATL,D1,33.6378243900434,-84.42892017390204,150.0,10,      ,false
10233,ATL,D3,33.63811897183227,-84.42888928434182,150.0,10,      ,false
10234,ATL,D5,33.638511542427494,-84.42890451478294,150.0,10,      ,false
10235,ATL,D7,33.638885124109436,-84.42890885158626,150.0,10,      ,false
10236,ATL,D9,33.63932692842719,-84.42892810407372,150.0,10,      ,false
10237,ATL,D11A,33.63963314307592,-84.42888138935909,150.0,10,      ,false
10238,ATL,D11,33.63999401462302,-84.42891284517992,150.0,10,      ,false
10239,ATL,D13,33.64030793329526,-84.42889951833259,150.0,10,      ,false
10240,ATL,D15,33.640665112115556,-84.42883143211304,150.0,10,      ,false
10241,ATL,D2,33.63745028216214,-84.42969417305572,150.0,10,      ,false
10242,ATL,D4,33.63783769923638,-84.42973497939836,150.0,10,      ,false
10243,ATL,D6,33.638218706144485,-84.4297368666545,150.0,10,      ,false
10244,ATL,D8,33.63862149647657,-84.42974405257917,150.0,10,      ,false
10245,ATL,D8A,33.63896049551797,-84.42975519376743,150.0,10,      ,false
10246,ATL,D10,33.63936783333283,-84.42976904243001,150.0,10,      ,false
10247,ATL,D12,33.63964213325696,-84.42977333370008,150.0,10,      ,false
10248,ATL,D14,33.640127741241955,-84.42976652978665,150.0,10,      ,false
10249,ATL,D16,33.64045380924463,-84.42972396933021,150.0,10,      ,false
10250,ATL,C1,33.637650280787106,-84.43228070093487,150.0,10,      ,false
10251,ATL,C3,33.637956827577256,-84.43208827274766,150.0,10,      ,false
10252,ATL,C5,33.638293922248046,-84.43213680439224,150.0,10,      ,false
10253,ATL,C7,33.63865240753233,-84.43213309731101,150.0,10,      ,false
10254,ATL,C9,33.63904850018885,-84.43212723323212,150.0,10,      ,false
10255,ATL,C11,33.639430745834126,-84.43213122504471,150.0,10,      ,false
10256,ATL,C13,33.63963928182685,-84.43213495118367,150.0,10,      ,false
10257,ATL,C15,33.63987621246078,-84.4321342920228,150.0,10,      ,false
10258,ATL,C17,33.640111394757035,-84.43213791171337,150.0,10,      ,false
10259,ATL,C19,33.64038560499828,-84.43214248724513,150.0,10,      ,false
10260,ATL,C21,33.64061897318852,-84.43214743137037,150.0,10,      ,false
10261,ATL,C2,33.63755158940963,-84.43295694695098,150.0,10,      ,false
10262,ATL,C4,33.637901998876174,-84.43305998515943,150.0,10,      ,false
10263,ATL,C6,33.63829253361034,-84.43306421926349,150.0,10,      ,false
10264,ATL,C8,33.63867026493806,-84.4330986496837,150.0,10,      ,false
10265,ATL,C10,33.63905205369415,-84.43309360555901,150.0,10,      ,false
10266,ATL,C12,33.639439740664635,-84.4330780349324,150.0,10,      ,false
10267,ATL,C14,33.639732360080494,-84.43315091916163,150.0,10,      ,false
10268,ATL,C16,33.63996821335763,-84.43314967713313,150.0,10,      ,false
10269,ATL,C18,33.64021778992817,-84.43316257371868,150.0,10,      ,false
10270,ATL,C20,33.64046937182082,-84.43322185844828,150.0,10,      ,false
10271,ATL,C22,33.64065661194273,-84.43328439644074,150.0,10,      ,false
10272,ATL,C31,33.641302236800996,-84.43206831068738,150.0,10,      ,false
10273,ATL,G33,33.641507873482766,-84.43206199317352,150.0,10,      ,false
10274,ATL,C35,33.64172137017734,-84.43205742747713,150.0,10,      ,false
10275,ATL,C37,33.641937199716786,-84.43206249215153,150.0,10,      ,false
10276,ATL,C39,33.64213653343441,-84.43207831556188,150.0,10,      ,false
10277,ATL,C41,33.64235211829452,-84.43208527570127,150.0,10,      ,false
10278,ATL,C43,33.64256304063587,-84.43209808823191,150.0,10,      ,false
10279,ATL,C45,33.64275508676758,-84.43208654161228,150.0,10,      ,false
10280,ATL,C47,33.64292248762034,-84.43208337218019,150.0,10,      ,false
10281,ATL,C49,33.643157174136014,-84.43208491671103,150.0,10,      ,false
10282,ATL,C51,33.64336852426243,-84.43207796848212,150.0,10,      ,false
10283,ATL,C53,33.643560351778895,-84.43209491410168,150.0,10,      ,false
10284,ATL,C55,33.64373630269051,-84.43220945613189,150.0,10,      ,false
10285,ATL,C57,33.64382438897012,-84.43311190926676,150.0,10,      ,false
10286,ATL,C52,33.64362793109785,-84.43318815401747,150.0,10,      ,false
10287,ATL,C50,33.64341448253644,-84.43322294917277,150.0,10,      ,false
10288,ATL,C48,33.64323499163197,-84.43323299508695,150.0,10,      ,false
10289,ATL,C46,33.64303090071984,-84.43323140790254,150.0,10,      ,false
10290,ATL,C44,33.64278922581145,-84.43324381261023,150.0,10,      ,false
10291,ATL,C42,33.64257985746913,-84.43325298668482,150.0,10,      ,false
10292,ATL,C40,33.64235038949968,-84.43323701911456,150.0,10,      ,false
10293,ATL,C38,33.642130917866254,-84.43325992520747,150.0,10,      ,false
10294,ATL,C36,33.641897932342,-84.43323924843197,150.0,10,      ,false
10295,ATL,C34,33.641688295386196,-84.43324090514714,150.0,10,      ,false
10296,ATL,C32,33.64143793742812,-84.43324780098466,150.0,10,      ,false
10297,ATL,C30,33.64121539517658,-84.43325909518147,150.0,10,      ,false
10011,ATL,D21,33.64117246349031,-84.4289592822504,150.0,10,     ,false
10012,ATL,D23,33.64154371476794,-84.42897569041818,150.0,10,     ,false
10013,ATL,D25,33.64191060619153,-84.42894809115475,150.0,10,     ,false
10014,ATL,D27,33.64221514286657,-84.42891518931864,150.0,10,     ,false
10298,ATL,D29,33.64252883233559,-84.42892359981307,150.0,10,     ,false
10299,ATL,D31,33.64277347451439,-84.4288107626378,150.0,10,     ,false
10300,ATL,D35,33.64297680745856,-84.42889044767415,150.0,10,     ,false
10301,ATL,D37,33.64331146922855,-84.42887965712345,150.0,10,     ,false
10302,ATL,D39,33.64351202599428,-84.42886559135579,150.0,10,     ,false
10303,ATL,D41,33.64365080017909,-84.4290575058537,150.0,10,     ,false
10304,ATL,D22,33.64121475440897,-84.42989524450431,150.0,10,     ,false
10305,ATL,D24,33.64146404159671,-84.42990348906478,150.0,10,     ,false
10306,ATL,D26,33.64170376549043,-84.42994194303863,150.0,10,     ,false
10307,ATL,D28,33.64194590887886,-84.42994980926542,150.0,10,     ,false
10308,ATL,D30,33.64215843699055,-84.42995305033796,150.0,10,     ,false
10309,ATL,D32,33.64238471407231,-84.4299306695143,150.0,10,     ,false
10310,ATL,D34,33.642604211096426,-84.42993316698795,150.0,10,     ,false
10311,ATL,D36,33.64281292300048,-84.42995759922641,150.0,10,     ,false
10312,ATL,D38,33.643069584903785,-84.42996590169437,150.0,10,     ,false
10313,ATL,D40,33.643312693295236,-84.42998566961147,150.0,10,     ,false
10314,ATL,D42,33.64354000164255,-84.42998123832719,150.0,10,     ,false
10315,ATL,D44,33.643684025014906,-84.42976488198293,150.0,10,     ,false
10316,ATL,D46,33.64371446279836,-84.42948354502873,150.0,10,     ,false
10317,ATL,T.SG.01,33.62078509733656,-84.44775505796072,150.0,30,     ,false
10318,ATL,T.SG.02,33.621334362790805,-84.4475830685838,150.0,30,     ,false
10319,ATL,T.SG.03,33.62138139345448,-84.44637327973024,150.0,30,     ,false
10320,ATL,T.SG.04,33.6213944934965,-84.44378256590586,150.0,30,     ,false
10321,ATL,T.SG.05,33.6220766643352,-84.44229754251218,150.0,30,     ,false
10322,ATL,T.SG.06,33.622101552143384,-84.4386949673522,150.0,30,     ,false
10323,ATL,T.SG.07,33.62210015801918,-84.43794748732526,150.0,30,     ,false
10324,ATL,T.SG.08,33.62214404908131,-84.434383313997,150.0,30,     ,false
10325,ATL,T.SG.09,33.622129731790054,-84.43353914411468,150.0,30,     ,false
10326,ATL,T.SG.10,33.622150972702954,-84.4327159719125,150.0,30,     ,false
10327,ATL,T.SG.11,33.6221115945411,-84.43124005223403,150.0,30,     ,false
10328,ATL,T.SG.12,33.62211025166757,-84.43043523711113,150.0,30,     ,false
10329,ATL,T.SG.13,33.62207096847815,-84.42903564792032,150.0,30,     ,false
10330,ATL,T.SG.14,33.62163854810673,-84.42584985071473,150.0,30,     ,false
10331,ATL,T.SG.15,33.622139890213155,-84.42424173481282,150.0,30,     ,false
10332,ATL,T.SG.16,33.62210925086324,-84.4232719968867,150.0,30,     ,false
10333,ATL,T.SG.17,33.62211271208747,-84.4197970010418,150.0,30,     ,false
10334,ATL,T.SG.18,33.62208265817155,-84.41851929292379,150.0,30,     ,false
10335,ATL,T.SG.19,33.6206815318021,-84.41848101932578,150.0,30,     ,false
10336,ATL,T.SG16.01,33.62179811640818,-84.41961670210118,150.0,30,     ,false
10337,ATL,T.SG16.02,33.62059130581709,-84.41965537613315,150.0,30,     ,false
10338,ATL,T.SG14.01,33.621890139278214,-84.4236590506799,150.0,30,     ,false
10339,ATL,T.SG14.02,33.62130021101187,-84.42364209495145,150.0,30,     ,false
10340,ATL,T.SG14.03,33.62063814739621,-84.42491119251922,150.0,30,     ,false
10341,ATL,T.SG12.01,33.6218350352579,-84.43084483972099,150.0,30,     ,false
10342,ATL,T.SG12.02,33.621255440082535,-84.43088014056491,150.0,30,     ,false
10343,ATL,T.SG12.03,33.620621502311536,-84.43220004595906,150.0,30,     ,false
10344,ATL,T.SG6.01,33.62177461525304,-84.43832748156831,150.0,30,     ,false
10345,ATL,T.SG6.02,33.62118556534287,-84.4381737079617,150.0,30,     ,false
10346,ATL,T.SG4.01,33.62135943990826,-84.4427035043574,150.0,30,     ,false
10347,ATL,T.SG4.02,33.620710552965896,-84.44148944839469,150.0,30,     ,false
10348,ATL,T.SG2.01,33.62085694908245,-84.44648750762275,150.0,30,     ,false
10349,ATL,T.R.01,33.63117655707411,-84.44779076720388,150.0,30,     ,false
10350,ATL,T.R.02,33.63071186448015,-84.44734487552816,150.0,30,     ,false
10351,ATL,T.R.03,33.63070141386891,-84.44646179713325,150.0,30,     ,false
10352,ATL,T.R.04,33.63073573978486,-84.44187463816803,150.0,30,     ,false
10353,ATL,T.R.05,33.630735552023914,-84.4412530106813,150.0,30,     ,false
10354,ATL,T.R.06,33.63072331976035,-84.43456795173114,150.0,30,     ,false
10355,ATL,T.R.07,33.63072897758565,-84.4341256214395,150.0,30,     ,false
10356,ATL,T.R.08,33.63072263908023,-84.43356793854068,150.0,30,     ,false
10357,ATL,T.R.09,33.63072655666267,-84.43264959456901,150.0,30,     ,false
10358,ATL,T.R.10,33.63073644643496,-84.43213559852228,150.0,30,     ,false
10359,ATL,T.R.11,33.63073973601603,-84.43146743354934,150.0,30,     ,false
10360,ATL,T.R.12,33.630726051060456,-84.42967342306953,150.0,30,     ,false
10361,ATL,T.R.13,33.63072263076158,-84.42885200915039,150.0,30,     ,false
10362,ATL,T.R.14,33.630717649792466,-84.4260317960009,150.0,30,     ,false
10363,ATL,T.R.15,33.63072511656537,-84.42570683214574,150.0,30,     ,false
10364,ATL,T.R.16,33.630725109970086,-84.42518550526272,150.0,30,     ,false
10365,ATL,T.R.17,33.6307198164182,-84.42463919006289,150.0,30,     ,false
10366,ATL,T.R.18,33.6307165355176,-84.4239809336881,150.0,30,     ,false
10367,ATL,T.R.19,33.630767813574984,-84.41895846155525,150.0,30,     ,false
10368,ATL,T.R.20,33.631132173215654,-84.41858764780409,150.0,30,     ,false
10369,ATL,T.SC.01,33.63039883431539,-84.4339949504751,150.0,30,     ,false
10370,ATL,T.SC.02,33.627801547560836,-84.43397402665325,150.0,30,     ,false
10371,ATL,T.SC.03,33.62495814941679,-84.43397685764897,150.0,30,     ,false
10372,ATL,T.SC.04,33.622454938226014,-84.43397984150013,150.0,30,     ,false
10373,ATL,T.SJ.01,33.630389375094786,-84.4331153182866,150.0,30,     ,false
10374,ATL,T.SJ.02,33.62780225133528,-84.43311719200248,150.0,30,     ,false
10375,ATL,T.SJ.03,33.62494819288766,-84.43312069184172,150.0,30,     ,false
10376,ATL,T.SJ.04,33.62250444403643,-84.43310181931187,150.0,30,     ,false
10377,ATL,G.R12.01,33.62873759888404,-84.42436988445749,150.0,30,     ,false
10378,ATL,G.R6.01,33.62965115502918,-84.42881602225518,150.0,30,     ,false
10379,ATL,G.R6.02,33.62943165068366,-84.42853924570764,150.0,30,     ,false
10380,ATL,G.R6.03,33.62812611941273,-84.42853996051556,150.0,30,     ,false
10381,ATL,G.R6.04,33.62742460418123,-84.42853773900708,150.0,30,     ,false
10382,ATL,G.R6.05,33.62672397148079,-84.42853668168166,150.0,30,     ,false
10383,ATL,G.R6.06,33.62601314962669,-84.42853354856986,150.0,30,     ,false
10384,ATL,G.R10.01,33.62964405944312,-84.42670507404073,150.0,30,     ,false
10385,ATL,G.R10.02,33.629646151464044,-84.42815645940303,150.0,30,     ,false
10386,ATL,T.R10.01,33.63038834000841,-84.42573553387098,150.0,30,     ,false
10387,ATL,T.R12.01,33.630445175929225,-84.42438487752649,150.0,30,     ,false
10388,ATL,T.R6.01,33.63050621368499,-84.42924028504646,150.0,30,     ,false
10389,ATL,T.R3.01,33.631527883438466,-84.44154426208983,150.0,30,     ,false
10390,ATL,T.R3.02,33.63103477610757,-84.44156373127919,150.0,30,     ,false
10391,ATL,T.SC.11,33.63112295122945,-84.43423069660142,150.0,30,     ,false
10392,ATL,T.SC.12,33.63334351973232,-84.43425752493702,150.0,30,     ,false
10393,ATL,T.R7.01,33.630983971188975,-84.43184260283245,150.0,30,     ,false
10394,ATL,T.R11.01,33.630927443294674,-84.42568946677855,150.0,30,     ,false
10395,ATL,T.N.01,33.63361449805182,-84.44738920678545,150.0,30,     ,false
10396,ATL,T.N.02,33.63360044468767,-84.4445125977745,150.0,30,     ,false
10397,ATL,T.N.03,33.63360079795634,-84.44240620755214,150.0,30,     ,false
10398,ATL,T.N.04,33.63361842711832,-84.44152993202663,150.0,30,     ,false
10399,ATL,T.N.05,33.63359525026321,-84.43919873864327,150.0,30,     ,false
10400,ATL,T.N.06,33.63360291048216,-84.43716793907137,150.0,30,     ,false
10401,ATL,T.N.07,33.6336194147514,-84.43642077818335,150.0,30,     ,false
10402,ATL,T.N.08,33.633622965899214,-84.43575775731185,150.0,30,     ,false
10403,ATL,T.N.09,33.63361310236579,-84.43459456228531,150.0,30,     ,false
10404,ATL,T.N.10,33.63361353779114,-84.43376508852758,150.0,30,     ,false
10405,ATL,T.N.11,33.633638944114814,-84.43269892585994,150.0,30,     ,false
10406,ATL,T.N.12,33.63361385257304,-84.4309472125002,150.0,30,     ,false
10407,ATL,T.N.13,33.6336271089195,-84.42883230762129,150.0,30,     ,false
10408,ATL,T.N.14,33.63365422078948,-84.42811642533452,150.0,30,     ,false
10409,ATL,T.N.15,33.63360459298413,-84.42489352508471,150.0,30,     ,false
10410,ATL,T.N.16,33.63361411897523,-84.42283580408991,150.0,30,     ,false
10411,ATL,T.N.17,33.63362386220718,-84.42192061695074,150.0,30,     ,false
10412,ATL,T.N.18,33.63360482195028,-84.42103788322358,150.0,30,     ,false
10413,ATL,T.N.19,33.63360971044053,-84.41973435865515,150.0,30,     ,false
10414,ATL,T.N.20,33.633603187673096,-84.41859118965318,150.0,30,     ,false
10415,ATL,T.P.01,33.63439511251516,-84.44780689062557,150.0,30,     ,false
10416,ATL,T.P.02,33.633904719392554,-84.44778994542989,150.0,30,     ,false
10417,ATL,T.P.03,33.633312141821435,-84.44779930224371,150.0,30,     ,false
10418,ATL,T.P.04,33.63218116248211,-84.44779779542542,150.0,30,     ,false
10419,ATL,T.T.01,33.63404177303291,-84.4419426029243,150.0,30,     ,false
10420,ATL,T.N2.01,33.6328314744255,-84.44274108717566,150.0,30,     ,false
10421,ATL,T.N2.02,33.63229401025107,-84.44165566929959,150.0,30,     ,false
10423,ATL,T.T.03,33.63621969319546,-84.44189238072725,150.0,30,     ,false
10425,ATL,T.N4.01,33.63284218268154,-84.43750245367536,150.0,30,     ,false
10426,ATL,T.N5.01,33.63389576680998,-84.43607551556154,150.0,30,     ,false
10428,ATL,T.U.01,33.633850313510045,-84.43311678829932,150.0,30,     ,false
10429,ATL,T.U.02,33.63552945102577,-84.43312141786306,150.0,30,     ,false
10430,ATL,T.U.03,33.63630657104856,-84.43309384237185,150.0,30,     ,false
10431,ATL,T.M12.01,33.635485738748976,-84.43137707267039,150.0,30,     ,false
10432,ATL,T.S.01,33.633931984156206,-84.42844587526345,150.0,30,     ,false
10433,ATL,T.S.02,33.63548327826514,-84.42847080551789,150.0,30,     ,false
10434,ATL,T.N6.01,33.63233670710806,-84.43164605981717,150.0,30,     ,false
10435,ATL,T.N6.02,33.632851609214114,-84.43056955210112,150.0,30,     ,false
10436,ATL,T.N10.01,33.632238390127625,-84.4256916201942,150.0,30,     ,false
10437,ATL,T.N10.02,33.63285238292906,-84.42454240471675,150.0,30,     ,false
10438,ATL,T.K.01,33.63234971414484,-84.42023244214617,150.0,30,     ,false
10439,ATL,T.J.01,33.63246505797244,-84.41895302121348,150.0,30,     ,false
10441,ATL,T.J.03,33.636250230809,-84.42142001227009,150.0,30,     ,false
10442,ATL,T.N12.01,33.6331529776894,-84.41821302778581,150.0,30,     ,false
10443,ATL,T.N13.01,33.63372637747248,-84.41801896963109,150.0,30,     ,false
10445,ATL,T.D.01,33.633885727065916,-84.42239167294744,150.0,30,     ,false
10446,ATL,T.D.02,33.635492844556396,-84.42234550067033,150.0,30,     ,false
10447,ATL,T.D.03,33.63631578156894,-84.42234479870505,150.0,30,     ,false
10448,ATL,T.D.04,33.636802123053805,-84.42234717129992,150.0,30,     ,false
10449,ATL,T.D.05,33.63797648178321,-84.42232888205787,150.0,30,     ,false
10450,ATL,T.D.06,33.63863463389082,-84.42237803837295,150.0,30,     ,false
10451,ATL,T.D.07,33.63933714026683,-84.42244745890436,150.0,30,     ,false
10452,ATL,T.D.08,33.6422372593075,-84.42239805148364,150.0,30,     ,false
10454,ATL,T.D.10,33.642656372575026,-84.42238992361906,150.0,30,     ,false
10455,ATL,T.D.11,33.643228772733316,-84.42234330970453,150.0,30,     ,false
10456,ATL,T.D.12,33.64366797548887,-84.42234604942385,150.0,30,     ,false
10457,ATL,T.D.13,33.644108977703034,-84.4223445469827,150.0,30,     ,false
10458,ATL,T.D.14,33.64442550850966,-84.42234762464689,150.0,30,     ,false
10460,ATL,T.D.16,33.645728452021245,-84.42237781805734,150.0,30,     ,false
10461,ATL,T.D.17,33.646068440804704,-84.42237810724649,150.0,30,     ,false
10462,ATL,T.D.18,33.64759911362729,-84.42238631170305,150.0,30,     ,false
10463,ATL,T.D.19,33.64825537537344,-84.42238821677684,150.0,30,     ,false
10464,ATL,T.D.20,33.64986056079591,-84.42237911588266,150.0,30,     ,false
10465,ATL,T.D.21,33.65036615997682,-84.4223836564802,150.0,30,     ,false
10466,ATL,T.D.22,33.65088827268618,-84.42220771109072,150.0,30,     ,false
10467,ATL,G.A3.01,33.651497177087435,-84.4320364419626,150.0,30,     ,false
10468,ATL,G.A3.02,33.65306501649379,-84.43315123576363,150.0,30,     ,false
10469,ATL,G.A3.03,33.65314400249278,-84.43409128980936,150.0,30,     ,false
10470,ATL,G.A3.04,33.65411237823875,-84.43501506836287,150.0,30,     ,false
10471,ATL,G.A3.05,33.65368192550678,-84.43257628127282,150.0,30,     ,false
10472,ATL,G.A3.06,33.654028568114384,-84.43183141467269,150.0,30,     ,false
10473,ATL,G.A3.07,33.655834874451145,-84.43310588586013,150.0,30,     ,false
10474,ATL,G.A3.08,33.65191824694207,-84.43144418263371,150.0,30,     ,false
10475,ATL,G.A3.09,33.65193325063811,-84.42896589845397,150.0,30,     ,false
10476,ATL,G.A5.01,33.651823061527566,-84.42590150021717,150.0,30,     ,false
10477,ATL,G.A5.02,33.65179172293025,-84.42470924149217,150.0,30,     ,false
10478,ATL,G.A5.03,33.65167806247133,-84.42270518861176,150.0,30,     ,false
10479,ATL,G.A5.04,33.65173498054515,-84.4218322264052,150.0,30,     ,false
10480,ATL,G.A7.01,33.65191643732399,-84.41888020800285,150.0,30,     ,false
10481,ATL,G.A7.02,33.652820955129265,-84.41868774847279,150.0,30,     ,false
10482,ATL,G.A7.03,33.653075121877464,-84.41848694498412,150.0,30,     ,false
10483,ATL,G.A7.04,33.65353775393831,-84.41815833634483,150.0,30,     ,false
10484,ATL,G.A7.05,33.65392641078756,-84.41786411857844,150.0,30,     ,false
10485,ATL,G.A7.06,33.65424177941376,-84.41752424937901,150.0,30,     ,false
10486,ATL,G.A7.07,33.654294368880684,-84.41714951412973,150.0,30,     ,false
10487,ATL,G.A11.01,33.65238191266187,-84.41451238141083,150.0,30,     ,false
10488,ATL,G.A11.02,33.65294938681174,-84.41458170222599,150.0,30,     ,false
10489,ATL,G.A11.03,33.65346835234255,-84.41551293072777,150.0,30,     ,false
10490,ATL,G.A11.04,33.653753740531485,-84.41604632763848,150.0,30,     ,false
10491,ATL,G.A11.05,33.65403034518475,-84.41655924072086,150.0,30,     ,false
10492,ATL,G.A13.01,33.65233957861602,-84.4135207706166,150.0,30,     ,false
10493,ATL,G.A13.02,33.65224248448374,-84.41280930401282,150.0,30,     ,false
10494,ATL,G.A13.03,33.65268649085775,-84.41401149181706,150.0,30,     ,false
10495,ATL,G.A13.04,33.65225909742968,-84.41168811953605,150.0,30,     ,false
10496,ATL,O.A7.1,33.65423015774683,-84.41496231427183,150.0,30,     ,false
10497,ATL,O.A7.2,33.654484753624025,-84.41550311506981,150.0,30,     ,false
10498,ATL,O.A7.3,33.654743128836266,-84.41603333090629,150.0,30,     ,false
10499,ATL,O.A7.4,33.655063496881645,-84.41658124506931,150.0,30,     ,false
10500,ATL,O.A7.7,33.6549654871274,-84.41822592157077,150.0,30,     ,false
10501,ATL,O.A7.5,33.65537792411391,-84.4171442393509,150.0,30,     ,false
10502,ATL,O.A7.6,33.65559728647683,-84.41782675124678,150.0,30,     ,false
10503,ATL,O.A7.8,33.654511786348635,-84.41836055448074,150.0,30,     ,false
10504,ATL,O.A7.9,33.65421639663672,-84.41857482457792,150.0,30,     ,false
10505,ATL,O.A7.01,33.65195292746871,-84.41977038630199,150.0,30,     ,false
10506,ATL,O.A7.02,33.652903455400754,-84.41956169427206,150.0,30,     ,false
10507,ATL,O.A7.03,33.653395627646525,-84.4192682654344,150.0,30,     ,false
10508,ATL,O.A7.04,33.65385088944357,-84.41893147625912,150.0,30,     ,false
10509,ATL,O.A7.05,33.6537167837866,-84.41389875259306,150.0,30,     ,false
10510,ATL,O.A7.06,33.65335061900158,-84.41326825501936,150.0,30,     ,false
10511,ATL,O.A7.07,33.65298890515715,-84.41274857051637,150.0,30,     ,false
10512,ATL,O.A7.08,33.65267084277769,-84.41224473860879,150.0,30,     ,false
10513,ATL,O.A7.09,33.652649092197485,-84.41139225978814,150.0,30,     ,false
10514,ATL,O.A7.10,33.652493954924346,-84.41109335071963,150.0,30,     ,false
10515,ATL,T.A.01,33.65035813675062,-84.43886317806296,150.0,30,     ,false
10516,ATL,T.A.02,33.65091462926083,-84.43851454801603,150.0,30,     ,false
10517,ATL,T.A.03,33.65121897599129,-84.4376439367241,150.0,30,     ,false
10518,ATL,T.A.04,33.65117908454061,-84.43426259776831,150.0,30,     ,false
10519,ATL,T.A.05,33.65064240154546,-84.43326278202078,150.0,30,     ,false
10520,ATL,T.A.06,33.65065619582934,-84.43225101269563,150.0,30,     ,false
10521,ATL,T.A.07,33.650670413842455,-84.43168818729674,150.0,30,     ,false
10522,ATL,T.A.08,33.65064334634868,-84.4297868046976,150.0,30,     ,false
10523,ATL,T.A.09,33.65064040454268,-84.42889519171554,150.0,30,     ,false
10524,ATL,T.A.10,33.65068102669165,-84.42590092316054,150.0,30,     ,false
10525,ATL,T.A.11,33.650651663524364,-84.42387115938821,150.0,30,     ,false
10526,ATL,T.A.12,33.65063821871398,-84.42287432727257,150.0,30,     ,false
10527,ATL,T.A.13,33.650654988394095,-84.42238094606189,150.0,30,     ,false
10528,ATL,T.A.14,33.65067217391556,-84.42194951134746,150.0,30,     ,false
10529,ATL,T.A.15,33.650670161389876,-84.41896104377783,150.0,30,     ,false
10530,ATL,T.A.16,33.65065086994372,-84.41743110774277,150.0,30,     ,false
10531,ATL,T.A.17,33.65064519988721,-84.41663669740102,150.0,30,     ,false
10532,ATL,T.A.18,33.65068690903806,-84.41570843250993,150.0,30,     ,false
10533,ATL,T.A.19,33.65113148499455,-84.41470014922882,150.0,30,     ,false
10534,ATL,T.A.20,33.65121936227349,-84.41404514665443,150.0,30,     ,false
10535,ATL,T.A.21,33.65121684022873,-84.41307860595202,150.0,30,     ,false
10536,ATL,T.A.22,33.65112847724614,-84.40985831943406,150.0,30,     ,false
10537,ATL,T.A.23,33.65060354592214,-84.40961939954568,150.0,30,     ,false
10538,ATL,T.A4.01,33.65025949608792,-84.42920166460033,150.0,30,     ,false
10539,ATL,T.C.01,33.650393967742744,-84.42339793644851,150.0,30,     ,false
10540,ATL,T.C.02,33.64928330278243,-84.42336079085922,150.0,30,     ,false
10541,ATL,T.C.03,33.648222708215044,-84.42337875237519,150.0,30,     ,false
10542,ATL,T.C.04,33.647897331181476,-84.42337310189345,150.0,30,     ,false
10543,ATL,T.C.05,33.6475808751731,-84.42336974551687,150.0,30,     ,false
10544,ATL,T.C.06,33.6456891178068,-84.42336917841332,150.0,30,     ,false
10545,ATL,T.C.07,33.64542538518076,-84.42336510038503,150.0,30,     ,false
10546,ATL,T.C.08,33.64508643752938,-84.4233643594756,150.0,30,     ,false
10547,ATL,T.A6.01,33.65014651285326,-84.41720246010583,150.0,30,     ,false
10548,ATL,T.A13.01,33.651538866556514,-84.41357508570027,150.0,30,     ,false
10549,ATL,T.A11.01,33.65146392837511,-84.41452848098406,150.0,30,     ,false
10550,ATL,T.B11.01,33.64868573518446,-84.41599950416239,150.0,30,     ,false
10424,ATL,T.H.01,33.648721977540184,-84.43884110664672,150.0,30,    ,false
10444,ATL,T.H.02,33.64803603323067,-84.43839862076474,150.0,30,    ,false
10551,ATL,T.H.03,33.64732639724877,-84.43819709105651,150.0,30,    ,false
10552,ATL,T.H.04,33.645998988307305,-84.4382148441984,150.0,30,    ,false
10553,ATL,T.H.05,33.64486606827689,-84.43817629021173,150.0,30,    ,false
10555,ATL,T.B.02,33.64845351988369,-84.43780040764565,150.0,30,    ,false
10556,ATL,T.B.03,33.64845948409839,-84.43697823151571,150.0,30,    ,false
10557,ATL,T.B.04,33.64844435281347,-84.43582774927062,150.0,30,    ,false
10558,ATL,T.B.05,33.648448017430745,-84.43512144385839,150.0,30,    ,false
10559,ATL,T.B.06,33.648454593321674,-84.43407591968985,150.0,30,    ,false
10560,ATL,T.B.07,33.64795515396809,-84.43297364523075,150.0,30,    ,false
10561,ATL,T.B.08,33.64788506006921,-84.4317263400638,150.0,30,    ,false
10562,ATL,T.B.09,33.647892859834464,-84.43102022418277,150.0,30,    ,false
10563,ATL,T.B.10,33.64790951105772,-84.42989093662896,150.0,30,    ,false
10564,ATL,T.B.11,33.64788541807826,-84.42917873449532,150.0,30,    ,false
10565,ATL,T.B.12,33.64788944561881,-84.4287797278918,150.0,30,    ,false
10566,ATL,T.B.13,33.647889779293656,-84.42833180126988,150.0,30,    ,false
10567,ATL,T.B.14,33.64791315371198,-84.42785335004396,150.0,30,    ,false
10568,ATL,T.B.15,33.64789868991721,-84.42386253619692,150.0,30,    ,false
10569,ATL,T.B.16,33.647911068506204,-84.42287792910537,150.0,30,    ,false
10570,ATL,T.B.17,33.647907130986425,-84.42239307208033,150.0,30,    ,false
10571,ATL,T.B.18,33.647903192027776,-84.42193175116907,150.0,30,    ,false
10572,ATL,T.B.19,33.64791725023632,-84.42110347772902,150.0,30,    ,false
10573,ATL,T.B.20,33.64791206407207,-84.41910489141881,150.0,30,    ,false
10574,ATL,T.B.21,33.64792436171114,-84.41625634924998,150.0,30,    ,false
10575,ATL,T.B.22,33.64792910740332,-84.41584621707503,150.0,30,    ,false
10576,ATL,T.B.23,33.64792054523415,-84.4145180726381,150.0,30,    ,false
10577,ATL,T.B.24,33.64791169973565,-84.41301539112165,150.0,30,    ,false
10578,ATL,T.B.25,33.64842296896043,-84.41201253254154,150.0,30,    ,false
10579,ATL,T.B.26,33.64846750991206,-84.41094361384239,150.0,30,    ,false
10580,ATL,T.B.27,33.64847532083411,-84.40986462065895,150.0,30,    ,false
10581,ATL,T.B.28,33.64847141428017,-84.40935546759297,150.0,30,    ,false
10582,ATL,T.B.29,33.64846570893509,-84.40618413519753,150.0,30,    ,false
10583,ATL,T.B.30,33.648150498309924,-84.40569822306318,150.0,30,    ,false
10584,ATL,T.B1.01,33.648803626275885,-84.43739677563336,150.0,30,    ,false
10585,ATL,T.B2.01,33.647956454252046,-84.43551234576468,150.0,30,    ,false
10586,ATL,T.B3.01,33.64864962082,-84.43316102264346,150.0,30,    ,false
10587,ATL,T.B3.02,33.649193910491796,-84.4320987512282,150.0,30,    ,false
10588,ATL,T.B4.01,33.64756010559331,-84.43135924659799,150.0,30,    ,false
10589,ATL,T.B5.01,33.64836863464314,-84.4287395453683,150.0,30,    ,false
10590,ATL,T.B5.02,33.64866161473141,-84.42812253948277,150.0,30,    ,false
10591,ATL,T.B6.01,33.6475528478878,-84.42876199394041,150.0,30,    ,false
10593,ATL,T.B7.02,33.64936391805968,-84.42238550429734,150.0,30,    ,false
10594,ATL,T.B7.03,33.64874159992173,-84.42087748579105,150.0,30,    ,false
10596,ATL,T.B10.01,33.647256252468644,-84.4162559269967,150.0,30,    ,false
10597,ATL,T.V.01,33.64830490673339,-84.43855246169656,150.0,30,    ,false
10598,ATL,T.V.02,33.6478539119261,-84.43950294018792,150.0,30,    ,false
10599,ATL,T.V.03,33.6478484056771,-84.4426241381733,150.0,30,    ,false
10600,ATL,T.V.04,33.64721007854926,-84.44335207434504,150.0,30,    ,false
10601,ATL,T.V.05,33.64646104060048,-84.44337537063316,150.0,30,    ,false
10602,ATL,T.V.06,33.64574287458737,-84.44274293789321,150.0,30,    ,false
10603,ATL,T.V.07,33.645690090038855,-84.44132289422778,150.0,30,    ,false
10605,ATL,T.V.08,33.64510067853559,-84.44112336885706,150.0,30,    ,false
10606,ATL,T.B13.01,33.64896423013351,-84.41061235842295,150.0,30,    ,false
10607,ATL,T.B15.01,33.648920884280855,-84.40964628780483,150.0,30,    ,false
10608,ATL,T.V.09,33.64455595007867,-84.44114583783295,150.0,30,    ,false
10609,ATL,T.E.01,33.644972281215985,-84.440424642858,150.0,30,    ,false
10610,ATL,T.E.02,33.645215579279125,-84.43854874718461,150.0,30,    ,false
10611,ATL,T.E.03,33.645250150339805,-84.43819919853941,150.0,30,    ,false
10612,ATL,T.E.04,33.64538109190076,-84.43738862572171,150.0,30,    ,false
10613,ATL,T.E.05,33.645416623786296,-84.43682631908023,150.0,30,    ,false
10614,ATL,T.E.06,33.645433333498346,-84.43639548731763,150.0,30,    ,false
10615,ATL,T.E.07,33.64541550920378,-84.43450691225924,150.0,30,    ,false
10616,ATL,T.E.08,33.64541989394324,-84.43398175093573,150.0,30,    ,false
10617,ATL,T.E.09,33.64543420565829,-84.43243770199814,150.0,30,    ,false
10618,ATL,T.E.10,33.64542173923804,-84.43124603771965,150.0,30,    ,false
10619,ATL,T.E.11,33.64541832840816,-84.43061321307812,150.0,30,    ,false
10620,ATL,T.E.12,33.645434834436536,-84.42840006038756,150.0,30,    ,false
10621,ATL,T.E.13,33.64543106777111,-84.42793983143073,150.0,30,    ,false
10622,ATL,T.E.14,33.6454119821679,-84.42733090627118,150.0,30,    ,false
10623,ATL,T.E.15,33.64541919254457,-84.42575893831598,150.0,30,    ,false
10624,ATL,T.E.16,33.64542992107148,-84.42374256695338,150.0,30,    ,false
10625,ATL,T.E.17,33.64543148042129,-84.42283858983072,150.0,30,    ,false
10626,ATL,T.E.18,33.645430544146144,-84.4223823722294,150.0,30,    ,false
10627,ATL,T.E.19,33.64542515235239,-84.42177103871666,150.0,30,    ,false
10628,ATL,T.E.20,33.64542028608771,-84.42122966205078,150.0,30,    ,false
10629,ATL,T.E.21,33.64541892865322,-84.41728098226592,150.0,30,    ,false
10630,ATL,T.E.22,33.645426550447674,-84.41561577271722,150.0,30,    ,false
10631,ATL,T.E.23,33.64543812863143,-84.40829166789065,150.0,30,    ,false
10632,ATL,T.E.24,33.64567281633876,-84.40771753950322,150.0,30,    ,false
10633,ATL,T.E.25,33.64569240965953,-84.4059938199584,150.0,30,    ,false
10634,ATL,T.E.26,33.645916178207685,-84.4056915924483,150.0,30,    ,false
10635,ATL,T.E.27,33.64651109000298,-84.40569399703391,150.0,30,    ,false
10636,ATL,O.E.01,33.64513689346844,-84.40771328505421,150.0,30,    ,false
10637,ATL,O.E.02,33.64512296821677,-84.40614797945204,150.0,30,    ,false
10638,ATL,O.E.03,33.64546128176238,-84.40569709316753,150.0,30,    ,false
10639,ATL,T.E13.01,33.646507788316995,-84.40807641213632,150.0,30,    ,false
10640,ATL,T.E13.02,33.645912483129436,-84.40800923495749,150.0,30,    ,false
10641,ATL,T.E11.01,33.64647221691846,-84.41629467967849,150.0,30,    ,false
10642,ATL,T.E11.02,33.6459779616732,-84.41545704806138,150.0,30,    ,false
10643,ATL,T.E7.01,33.64600995256115,-84.42608135458686,150.0,30,    ,false
10644,ATL,T.E5.01,33.64583970085453,-84.42820426106049,150.0,30,    ,false
10645,ATL,T.F5.01,33.645022527476826,-84.42767413425024,150.0,30,    ,false
10646,ATL,T.E1.01,33.64588590809099,-84.43682974851117,150.0,30,    ,false
10647,ATL,T.E3.01,33.64653003579304,-84.43165868135195,150.0,30,    ,false
10648,ATL,T.E3.02,33.646013796092376,-84.43267016802822,150.0,30,    ,false
10649,ATL,T.F2.01,33.64512728895552,-84.43718419349158,150.0,30,    ,false
10650,ATL,T.F3.01,33.645106897755305,-84.43427579955343,150.0,30,    ,false
10651,ATL,T.F4.01,33.64508522575322,-84.43094774376527,150.0,30,    ,false
10652,ATL,T.G.01,33.64518815890883,-84.4215464086293,150.0,30,    ,false
10653,ATL,T.G.02,33.644774865476386,-84.42148024070218,150.0,30,    ,false
10654,ATL,T.G.03,33.64412203283963,-84.42146976835787,150.0,30,    ,false
10655,ATL,T.G.04,33.64367472837501,-84.42147867177387,150.0,30,    ,false
10656,ATL,T.G.05,33.643233268448924,-84.42148772012489,150.0,30,    ,false
10657,ATL,T.F.01,33.644216368785095,-84.44060424872964,150.0,30,    ,false
10658,ATL,T.F.02,33.644251818827,-84.44021842825241,150.0,30,    ,false
10659,ATL,T.F.03,33.64445505046965,-84.43839296891413,150.0,30,    ,false
10660,ATL,T.F.04,33.64450862523166,-84.43795333208396,150.0,30,    ,false
10661,ATL,T.F.05,33.644579441308856,-84.43713917166679,150.0,30,    ,false
10662,ATL,T.F.06,33.644592830832465,-84.43483061851356,150.0,30,    ,false
10663,ATL,T.F.07,33.64459570493767,-84.43420723537326,150.0,30,    ,false
10664,ATL,T.F.08,33.64459278317691,-84.43358513559704,150.0,30,    ,false
10665,ATL,T.F.09,33.64459707921659,-84.43158388896174,150.0,30,    ,false
10666,ATL,T.F.10,33.644602258349565,-84.43096230651616,150.0,30,    ,false
10667,ATL,T.F.11,33.64459970488448,-84.43038978505751,150.0,30,    ,false
10668,ATL,T.F.12,33.644614839667064,-84.42823386173836,150.0,30,    ,false
10669,ATL,T.F.13,33.64462777242522,-84.42781963601256,150.0,30,    ,false
10670,ATL,T.F.14,33.64464679678918,-84.4273809643002,150.0,30,    ,false
10671,ATL,T.F.15,33.644696029901795,-84.42355641561728,150.0,30,    ,false
10673,ATL,T.F.17,33.64470753170202,-84.42266202776054,150.0,30,    ,false
10674,ATL,T.F.18,33.644857584495945,-84.42236327594199,150.0,30,    ,false
10675,ATL,T.F.19,33.645023745293784,-84.42190499524897,150.0,30,    ,false
10676,ATL,T.H.06,33.645551099922706,-84.43813931633962,150.0,30,    ,false
10677,ATL,G.E10.01,33.64424260132889,-84.41592879139408,150.0,30,    ,false
10678,ATL,G.E10.02,33.64400532036733,-84.41370294810632,150.0,30,    ,false
10679,ATL,G.E10.03,33.64403467774243,-84.4083081097937,150.0,30,    ,false
10680,ATL,T.F.20,33.644533065733775,-84.4374982572082,150.0,30,    ,false
10681,ATL,T.F.21,33.644627559731504,-84.43781063786064,150.0,30,    ,false
10682,ATL,T.M.01,33.63582016633329,-84.44740080156062,150.0,30,    ,false
10684,ATL,T.M.03,33.63581680437392,-84.44489386049608,150.0,30,    ,false
10687,ATL,T.M.06,33.63580447070153,-84.44192930952843,150.0,30,    ,false
10690,ATL,T.M.09,33.63580603273696,-84.44026775244991,150.0,30,    ,false
10691,ATL,T.M.10,33.63582118038184,-84.4376827409043,150.0,30,    ,false
10693,ATL,T.M.12,33.635814131758025,-84.43606956628769,150.0,30,    ,false
10695,ATL,T.M.14,33.63581800569694,-84.43424475508404,150.0,30,    ,false
10698,ATL,T.M.17,33.635809208307016,-84.43311767323435,150.0,30,    ,false
10700,ATL,T.M.19,33.63580490587459,-84.43208755443803,150.0,30,    ,false
10701,ATL,T.M.20,33.635814116403225,-84.43123828927287,150.0,30,    ,false
10702,ATL,T.M.21,33.63582502919831,-84.43064891613653,150.0,30,    ,false
10703,ATL,T.M.22,33.63580839017432,-84.42885129331057,150.0,30,    ,false
10704,ATL,T.M.23,33.635803014912206,-84.4281333623041,150.0,30,    ,false
10705,ATL,T.M.24,33.63582569125126,-84.42733215398869,150.0,30,    ,false
10707,ATL,T.M.26,33.63583383455526,-84.42417823637282,150.0,30,    ,false
10709,ATL,T.M.28,33.635814998582,-84.42233824276555,150.0,30,    ,false
10711,ATL,T.M.30,33.63580956219654,-84.4212654458757,150.0,30,    ,false
10712,ATL,T.M.31,33.63582050329627,-84.42061324418441,150.0,30,    ,false
10714,ATL,T.M.33,33.6358378215694,-84.41774617304539,150.0,30,    ,false
10715,ATL,T.M.34,33.63582377561154,-84.41633475124252,150.0,30,    ,false
10716,ATL,T.M.35,33.63580367566069,-84.41563447926112,150.0,30,    ,false
10717,ATL,T.M.36,33.63582611845289,-84.41305719456011,150.0,30,    ,false
10719,ATL,T.M.38,33.63580624641189,-84.41041015978135,150.0,30,    ,false
10720,ATL,T.M.39,33.63579651940363,-84.40908835795797,150.0,30,    ,false
10721,ATL,T.M.40,33.635802126551866,-84.40832306007603,150.0,30,    ,false
10722,ATL,T.M.41,33.635784364024126,-84.40745492369659,150.0,30,    ,false
10723,ATL,T.LA.01,33.63518990395254,-84.40744818451208,150.0,30,    ,false
10724,ATL,T.LB.01,33.63519292158384,-84.4083045370441,150.0,30,    ,false
10725,ATL,T.LC.01,33.63515368597061,-84.40911889852389,150.0,30,    ,false
10726,ATL,T.M20.01,33.635172973308805,-84.41042881434728,150.0,30,    ,false
10727,ATL,T.LA.02,33.6363442495356,-84.40746879380151,150.0,30,    ,false
10731,ATL,T.M18.01,33.635349648832495,-84.41596868925056,150.0,30,    ,false
10732,ATL,T.M16.01,33.63552241021045,-84.41765782532124,150.0,30,    ,false
10733,ATL,T.M14.01,33.63534697901758,-84.4251695347311,150.0,30,    ,false
10736,ATL,T.L.01,33.63545592618353,-84.44778582135297,150.0,30,    ,false
10737,ATL,T.L.02,33.63581021863402,-84.44778267293756,150.0,30,    ,false
10738,ATL,T.L.03,33.63629329697455,-84.44760431066649,150.0,30,    ,false
10739,ATL,T.L.04,33.63661906011469,-84.44713862732267,150.0,30,    ,false
10740,ATL,T.L.05,33.636631550746394,-84.44482958154623,150.0,30,    ,false
10741,ATL,T.L.06,33.636637686044025,-84.44148041735565,150.0,30,    ,false
10742,ATL,T.L.07,33.63663884815342,-84.44077683958432,150.0,30,    ,false
10743,ATL,T.L.08,33.63664754253865,-84.44013407812228,150.0,30,    ,false
10744,ATL,T.L.09,33.63664693047701,-84.43811803075116,150.0,30,    ,false
10745,ATL,T.L.10,33.63664139164707,-84.43753915595374,150.0,30,    ,false
10746,ATL,T.L.11,33.636641356495375,-84.43688939064307,150.0,30,    ,false
10747,ATL,T.L.12,33.63664500229018,-84.43483955326212,150.0,30,    ,false
10749,ATL,T.L.14,33.63665183015278,-84.43425504761473,150.0,30,    ,false
10751,ATL,T.L.16,33.63664575264597,-84.43353979871952,150.0,30,    ,false
10752,ATL,T.L.17,33.63663356996122,-84.4328830827788,150.0,30,    ,false
10753,ATL,T.L.18,33.63664792198408,-84.43158592570084,150.0,30,    ,false
10754,ATL,T.L.19,33.63665305007282,-84.43096292691304,150.0,30,    ,false
10755,ATL,T.L.20,33.636654027014494,-84.4303357748775,150.0,30,    ,false
10756,ATL,T.L.21,33.63664096726933,-84.42825524128665,150.0,30,    ,false
10757,ATL,T.L.22,33.636605842536184,-84.42767463158913,150.0,30,    ,false
10758,ATL,T.L.23,33.63656997634216,-84.427101652522,150.0,30,    ,false
10759,ATL,T.L.24,33.63654381205168,-84.42418745130664,150.0,30,    ,false
10761,ATL,T.L.26,33.63655158914251,-84.42234170043865,150.0,30,    ,false
10762,ATL,T.L.27,33.63653674972015,-84.4218901458518,150.0,30,    ,false
10763,ATL,T.L.28,33.63654607730413,-84.42144863084371,150.0,30,    ,false
10764,ATL,T.L.29,33.636545580645866,-84.42102565855423,150.0,30,    ,false
10765,ATL,T.L.30,33.636555961707984,-84.41851664468562,150.0,30,    ,false
10766,ATL,T.L.31,33.63656105737392,-84.41765732628535,150.0,30,    ,false
10767,ATL,T.L.32,33.6365622672364,-84.41717140729605,150.0,30,    ,false
10768,ATL,T.L.33,33.636545800333224,-84.41311063304676,150.0,30,    ,false
10769,ATL,T.L.34,33.63656388171414,-84.41043302203228,150.0,30,    ,false
10770,ATL,T.L.35,33.6365597395514,-84.40913514643854,150.0,30,    ,false
10771,ATL,T.L.36,33.63656400898654,-84.40841300474457,150.0,30,    ,false
10772,ATL,T.L.37,33.63654507668279,-84.40778344741358,150.0,30,    ,false
10773,ATL,T.L6.01,33.63611779983339,-84.43096086203178,150.0,30,    ,false
10774,ATL,T.L7.01,33.63605973351102,-84.42768301340647,150.0,30,    ,false
10775,ATL,G.9S.01,33.63738651624616,-84.41825383457078,150.0,30,    ,false
10776,ATL,G.9S.02,33.638032361153215,-84.41826288327829,150.0,30,    ,false
10777,ATL,G.9S.03,33.63857264149046,-84.41826835859895,150.0,30,    ,false
10778,ATL,G.9S.04,33.63889065587584,-84.41748981297674,150.0,30,    ,false
10779,ATL,G.9S.05,33.639586623424265,-84.41770306222081,150.0,30,    ,false
10780,ATL,G.8S.01,33.637351183483176,-84.42144579761056,150.0,30,    ,false
10781,ATL,G.8S.02,33.63798587555814,-84.42145388422325,150.0,30,    ,false
10782,ATL,G.8S.03,33.638630532242175,-84.42146455259375,150.0,30,    ,false
10783,ATL,G.8S.04,33.63925618442769,-84.42143789278829,150.0,30,    ,false
10784,ATL,G.8S.05,33.63984370156496,-84.42145878984769,150.0,30,    ,false
10785,ATL,G.8S.06,33.64042658605903,-84.42145430228453,150.0,30,    ,false
10786,ATL,G.8S.07,33.64100500021419,-84.42134849544546,150.0,30,    ,false
10787,ATL,G.6N.01,33.641974714259796,-84.42327491802564,150.0,30,    ,false
10788,ATL,G.6N.02,33.64211769686629,-84.42400034825802,150.0,30,    ,false
10789,ATL,G.6N.03,33.642471964065884,-84.4241058299629,150.0,30,    ,false
10790,ATL,G.6N.04,33.64295815322904,-84.42414685886729,150.0,30,    ,false
10791,ATL,G.6N.05,33.643471839118874,-84.42417995877388,150.0,30,    ,false
10792,ATL,G.6N.06,33.643980667232434,-84.42419161318807,150.0,30,    ,false
10793,ATL,6N.1,33.64397586148491,-84.42341844686726,150.0,30,    ,false
10794,ATL,6N.2,33.64364036436303,-84.42339877836687,150.0,30,    ,false
10795,ATL,6N.3,33.64328543877653,-84.42341414826736,150.0,30,    ,false
10796,ATL,G.6N.07,33.64260439227952,-84.42379430922499,150.0,30,    ,false
10797,ATL,G.6N.08,33.642600206497136,-84.42330941405166,150.0,30,    ,false
10798,ATL,G.6S.01,33.63727096623933,-84.42417365093115,150.0,30,    ,false
10799,ATL,G.6S.02,33.63779874794614,-84.4241873130312,150.0,30,    ,false
10800,ATL,G.6S.03,33.63830749675786,-84.42417487830525,150.0,30,    ,false
10801,ATL,G.6S.04,33.638868658068404,-84.42418020383296,150.0,30,    ,false
10802,ATL,G.6S.05,33.639280093180524,-84.42407920963998,150.0,30,    ,false
10803,ATL,G.6S.06,33.639325428870116,-84.42322603617787,150.0,30,    ,false
10804,ATL,G.6S.07,33.63865396177196,-84.42333318116327,150.0,30,    ,false
10805,ATL,G.6S.08,33.63765108857569,-84.42334075088313,150.0,30,    ,false
10806,ATL,G.1S.01,33.63739140605682,-84.44113484075478,150.0,30,    ,false
10807,ATL,G.1S.02,33.637876690870606,-84.44113560790704,150.0,30,    ,false
10808,ATL,G.1S.03,33.63837252233762,-84.44113335708445,150.0,30,    ,false
10809,ATL,G.1S.04,33.63878899582634,-84.44112220159735,150.0,30,    ,false
10810,ATL,G.1S.05,33.63924374340732,-84.44116441532873,150.0,30,    ,false
10811,ATL,G.1S.06,33.639617204567294,-84.44117612252279,150.0,30,    ,false
10812,ATL,G.1S.07,33.64006089585609,-84.44116951818877,150.0,30,    ,false
10813,ATL,G.1S.08,33.640497026714776,-84.44116965465162,150.0,30,    ,false
10814,ATL,G.1S.11,33.63748869604794,-84.44049589622158,150.0,30,    ,false
10815,ATL,G.1S.12,33.638004606350826,-84.44049927044253,150.0,30,    ,false
10816,ATL,G.1S.13,33.63846628657356,-84.4405049122999,150.0,30,    ,false
10817,ATL,G.1S.14,33.63895692887663,-84.44051632902963,150.0,30,    ,false
10818,ATL,G.1S.15,33.63944222948854,-84.44049635799217,150.0,30,    ,false
10819,ATL,G.1S.16,33.64001339971052,-84.44050359839686,150.0,30,    ,false
10820,ATL,G.1S.17,33.64053205995724,-84.44047552446365,150.0,30,    ,false
10821,ATL,G.1N.01,33.64380491576391,-84.44118984488276,150.0,30,    ,false
10822,ATL,G.1N.02,33.64366677760747,-84.44117355000273,150.0,30,    ,false
10823,ATL,G.1N.03,33.64344329269263,-84.4411623718232,150.0,30,    ,false
10824,ATL,G.1N.04,33.64316927896829,-84.44116862206013,150.0,30,    ,false
10825,ATL,G.1N.05,33.64287229170424,-84.44116185309763,150.0,30,    ,false
10826,ATL,G.1N.06,33.642648041664536,-84.44116130886692,150.0,30,    ,false
10827,ATL,G.1N.07,33.64226509210344,-84.44116357877152,150.0,30,    ,false
10828,ATL,G.1N.08,33.641889020823,-84.44115660382121,150.0,30,    ,false
10829,ATL,G.1N.09,33.6416254336116,-84.44116586180394,150.0,30,    ,false
10830,ATL,G.1N.10,33.64104178607424,-84.44115989565849,150.0,30,    ,false
10831,ATL,G.1N.11,33.64369051720208,-84.44049752258806,150.0,30,    ,false
10832,ATL,G.1N.12,33.64330230420983,-84.44050303961271,150.0,30,    ,false
10833,ATL,G.1N.13,33.642924533806855,-84.44050224675424,150.0,30,    ,false
10834,ATL,G.1N.14,33.642510325644295,-84.44050029387202,150.0,30,    ,false
10835,ATL,G.1N.15,33.642070988371685,-84.44050567683378,150.0,30,    ,false
10836,ATL,G.1N.16,33.641645957279714,-84.44050589546103,150.0,30,    ,false
10837,ATL,G.1N.17,33.64111718118673,-84.44049876807358,150.0,30,    ,false
10838,ATL,G.2N.01,33.64378863451538,-84.43788278227167,150.0,30,    ,false
10839,ATL,G.2N.02,33.64343983934978,-84.4378811859197,150.0,30,    ,false
10840,ATL,G.2N.03,33.64306538081349,-84.43788024645225,150.0,30,    ,false
10841,ATL,G.2N.04,33.64266142571397,-84.43788025008728,150.0,30,    ,false
10842,ATL,G.2N.05,33.64224706547727,-84.43787829651218,150.0,30,    ,false
10843,ATL,G.2N.06,33.64175033230873,-84.43787561467552,150.0,30,    ,false
10844,ATL,G.2N.07,33.641237804000156,-84.43787335172411,150.0,30,    ,false
10845,ATL,G.2N.08,33.64380917824345,-84.43720893676452,150.0,30,    ,false
10846,ATL,G.2N.09,33.64345163770376,-84.43722231043743,150.0,30,    ,false
10847,ATL,G.2N.10,33.64304442660456,-84.43721662025212,150.0,30,    ,false
10848,ATL,G.2N.11,33.64264706887512,-84.43721574759569,150.0,30,    ,false
10849,ATL,G.2N.12,33.6422561015459,-84.43721479907019,150.0,30,    ,false
10850,ATL,G.2N.13,33.64183729574702,-84.43720957031127,150.0,30,    ,false
10851,ATL,G.2N.14,33.64142736257694,-84.4372090559226,150.0,30,    ,false
10852,ATL,G.2N.15,33.64101786191381,-84.43721837113566,150.0,30,    ,false
10853,ATL,G.2S.01,33.637522425569685,-84.43785656459038,150.0,30,    ,false
10854,ATL,G.2S.02,33.637989166684406,-84.43785884638523,150.0,30,    ,false
10855,ATL,G.2S.03,33.638409063468096,-84.43787635784722,150.0,30,    ,false
10856,ATL,G.2S.04,33.638760758323066,-84.43788155642913,150.0,30,    ,false
10857,ATL,G.2S.05,33.6392200349882,-84.43788563948686,150.0,30,    ,false
10858,ATL,G.2S.06,33.63970047492924,-84.43787454419031,150.0,30,    ,false
10859,ATL,G.2S.07,33.64014067713075,-84.43787817929791,150.0,30,    ,false
10860,ATL,G.2S.08,33.640580318647906,-84.4378779830953,150.0,30,    ,false
10861,ATL,G.2S.09,33.63753212369501,-84.43718084914155,150.0,30,    ,false
10862,ATL,G.2S.10,33.63794837943675,-84.43719851696878,150.0,30,    ,false
10863,ATL,G.2S.11,33.63835051267237,-84.4372034290671,150.0,30,    ,false
10864,ATL,G.2S.12,33.63877656353355,-84.43721631789154,150.0,30,    ,false
10865,ATL,G.2S.13,33.63918128692854,-84.43721587615147,150.0,30,    ,false
10866,ATL,G.2S.14,33.63959379068848,-84.43721995291702,150.0,30,    ,false
10867,ATL,G.2S.15,33.64001200153362,-84.43721877761278,150.0,30,    ,false
10868,ATL,G.2S.16,33.64037949220314,-84.43721017149241,150.0,30,    ,false
10869,ATL,G.3S.01,33.63740840859424,-84.43459496131914,150.0,30,    ,false
10870,ATL,G.3S.02,33.63792067876699,-84.4346012094508,150.0,30,    ,false
10871,ATL,G.3S.03,33.638334278723065,-84.43459212002581,150.0,30,    ,false
10872,ATL,G.3S.04,33.638765031382704,-84.43459315779204,150.0,30,    ,false
10873,ATL,G.3S.05,33.63917980169684,-84.43459456707674,150.0,30,    ,false
10874,ATL,G.3S.06,33.6395654465891,-84.43459164173893,150.0,30,    ,false
10875,ATL,G.3S.07,33.64000153702286,-84.43459758307182,150.0,30,    ,false
10876,ATL,G.3S.08,33.640412169161415,-84.43458638674917,150.0,30,    ,false
10877,ATL,G.3S.09,33.6374437297091,-84.43393251529051,150.0,30,    ,false
10878,ATL,G.3S.10,33.63791502934671,-84.43392745827143,150.0,30,    ,false
10879,ATL,G.3S.11,33.63831630205021,-84.433933437927,150.0,30,    ,false
10880,ATL,G.3S.12,33.63867681859967,-84.43393092758383,150.0,30,    ,false
10881,ATL,G.3S.13,33.63907468758409,-84.43392258318146,150.0,30,    ,false
10882,ATL,G.3S.14,33.639423111186396,-84.43392523708789,150.0,30,    ,false
10883,ATL,G.3S.15,33.63971645764445,-84.4339242600358,150.0,30,    ,false
10884,ATL,G.3S.16,33.640171463140035,-84.43393379207237,150.0,30,    ,false
10885,ATL,G.3S.17,33.64043668448401,-84.43393342661594,150.0,30,    ,false
10886,ATL,G.3S.18,33.64068626282684,-84.43394294996217,150.0,30,    ,false
10887,ATL,G.3S.19,33.639951113063915,-84.43393239109282,150.0,30,    ,false
10888,ATL,G.5S.01,33.63746902356934,-84.42804950316373,150.0,30,    ,false
10889,ATL,G.5S.02,33.637970948009745,-84.4280714976804,150.0,30,    ,false
10890,ATL,G.5S.03,33.63836147506777,-84.42808124475509,150.0,30,    ,false
10891,ATL,G.5S.04,33.63874733483965,-84.4280714264111,150.0,30,    ,false
10892,ATL,G.5S.05,33.63912935427454,-84.42807098577126,150.0,30,    ,false
10893,ATL,G.5S.06,33.63952886116215,-84.42807459762022,150.0,30,    ,false
10894,ATL,G.5S.07,33.6398944522735,-84.42808003237961,150.0,30,    ,false
10895,ATL,G.5S.08,33.640305826889914,-84.42806887384549,150.0,30,    ,false
10896,ATL,G.5S.09,33.64069570187087,-84.42807778408843,150.0,30,    ,false
10897,ATL,G.5S.10,33.63731460418329,-84.42732356692063,150.0,30,    ,false
10898,ATL,G.5S.11,33.63782486885396,-84.42734000484751,150.0,30,    ,false
10899,ATL,G.5S.12,33.63833911998638,-84.42732160602067,150.0,30,    ,false
10900,ATL,G.5S.13,33.63884084458909,-84.42733309798282,150.0,30,    ,false
10901,ATL,G.5S.14,33.639425937794485,-84.42733267300594,150.0,30,    ,false
10902,ATL,G.5S.15,33.64007460444298,-84.42733011269512,150.0,30,    ,false
10903,ATL,G.3N.01,33.64383583944943,-84.43459734104198,150.0,30,    ,false
10904,ATL,G.3N.02,33.643438210984876,-84.43459817183879,150.0,30,    ,false
10905,ATL,G.3N.03,33.64299463740649,-84.4346003223744,150.0,30,    ,false
10906,ATL,G.3N.04,33.64257129124601,-84.43460711644401,150.0,30,    ,false
10907,ATL,G.3N.05,33.64216426872329,-84.43459780245395,150.0,30,    ,false
10908,ATL,G.3N.06,33.64175195302765,-84.43459399129387,150.0,30,    ,false
10909,ATL,G.3N.07,33.64137372941669,-84.43459420774674,150.0,30,    ,false
10910,ATL,G.3N.08,33.64101508479302,-84.43459939772293,150.0,30,    ,false
10911,ATL,G.3N.09,33.64386548375494,-84.433938849047,150.0,30,    ,false
10912,ATL,G.4S.01,33.6373413094446,-84.43130689312613,150.0,30,    ,false
10913,ATL,G.4S.02,33.63767305631101,-84.43130901108321,150.0,30,    ,false
10914,ATL,G.4S.03,33.638251491791976,-84.43130487987604,150.0,30,    ,false
10915,ATL,G.4S.04,33.638667201190756,-84.43130947870301,150.0,30,    ,false
10916,ATL,G.4S.05,33.63904241622864,-84.43131188474456,150.0,30,    ,false
10917,ATL,G.4S.06,33.63938901260436,-84.43132174023225,150.0,30,    ,false
10918,ATL,G.4S.07,33.63983542824903,-84.43132061994989,150.0,30,    ,false
10919,ATL,G.4S.08,33.640107126660034,-84.43131483357864,150.0,30,    ,false
10920,ATL,G.4S.09,33.64040288874236,-84.43131923573927,150.0,30,    ,false
10921,ATL,G.4S.10,33.64064015914801,-84.43131227832157,150.0,30,    ,false
10922,ATL,G.4S.11,33.63744248327571,-84.43064974590207,150.0,30,    ,false
10923,ATL,G.4S.12,33.63784236944937,-84.43064214468407,150.0,30,    ,false
10924,ATL,G.4S.13,33.63822832384929,-84.4306480212499,150.0,30,    ,false
10925,ATL,G.4S.14,33.63863265225298,-84.43064465276755,150.0,30,    ,false
10926,ATL,G.4S.15,33.639165183572636,-84.4306461661552,150.0,30,    ,false
10927,ATL,G.4S.16,33.63937353376234,-84.43064854654489,150.0,30,    ,false
10928,ATL,G.4S.17,33.63983715686751,-84.43064954658753,150.0,30,    ,false
10929,ATL,G.4S.18,33.64025154016931,-84.43064426953644,150.0,30,    ,false
10930,ATL,G.4S.19,33.64068158023619,-84.430645713946,150.0,30,    ,false
10931,ATL,G.4S.20,33.63962470203655,-84.43132638219308,150.0,30,    ,false
10932,ATL,G.3N.10,33.64366183455235,-84.43393973035451,150.0,30,    ,false
10933,ATL,G.3N.11,33.643455900871665,-84.4339341525479,150.0,30,    ,false
10934,ATL,G.3N.12,33.643250049432545,-84.43392857709365,150.0,30,    ,false
10935,ATL,G.3N.13,33.64301464053087,-84.43393917027971,150.0,30,    ,false
10936,ATL,G.3N.14,33.64279192298287,-84.43394408596195,150.0,30,    ,false
10937,ATL,G.3N.15,33.642593156039744,-84.4339336642676,150.0,30,    ,false
10938,ATL,G.3N.16,33.64236194279142,-84.43392987558164,150.0,30,    ,false
10939,ATL,G.3N.17,33.642143920653915,-84.43394128302366,150.0,30,    ,false
10940,ATL,G.3N.18,33.64189132265709,-84.43393322067455,150.0,30,    ,false
10941,ATL,G.3N.19,33.64167729994342,-84.43393957828118,150.0,30,    ,false
10942,ATL,G.3N.20.,33.6414281886605,-84.43393078902558,150.0,30,    ,false
10943,ATL,G.3N.21,33.64118579145911,-84.43393823632627,150.0,30,    ,false
10944,ATL,G.5N.01,33.64388462446113,-84.42806809256399,150.0,30,    ,false
10945,ATL,G.5N.02,33.64367455886217,-84.42807423561864,150.0,30,    ,false
10946,ATL,G.5N.03,33.64332185169273,-84.42807290175811,150.0,30,    ,false
10947,ATL,G.5N.04,33.64314080599269,-84.42807818164067,150.0,30,    ,false
10948,ATL,G.5N.05,33.64279164743967,-84.42807659191725,150.0,30,    ,false
10949,ATL,G.5N.06,33.64236577091798,-84.42807014369357,150.0,30,    ,false
10950,ATL,G.5N.07,33.641890247355825,-84.42806591009553,150.0,30,    ,false
10951,ATL,G.5N.08,33.64145849976193,-84.42807156453277,150.0,30,    ,false
10952,ATL,G.5N.09,33.64110114641096,-84.42807769865017,150.0,30,    ,false
10953,ATL,G.5N.10,33.64388261304125,-84.42865624625821,150.0,30,    ,false
10954,ATL,G.5N.11,33.64389608727696,-84.42733422872492,150.0,30,    ,false
10955,ATL,G.5N.12,33.6434942633042,-84.42732865417972,150.0,30,    ,false
10956,ATL,G.5N.13,33.64297685603108,-84.42733877282183,150.0,30,    ,false
10957,ATL,G.5N.14,33.64249903019161,-84.4273344379978,150.0,30,    ,false
10958,ATL,G.5N.15,33.641891349725284,-84.42732794507592,150.0,30,    ,false
10959,ATL,G.5N.16,33.64124618575146,-84.4273351669861,150.0,30,    ,false
10960,ATL,G.4N.01,33.64384593629302,-84.43131552612451,150.0,30,    ,false
10961,ATL,G.4N.02,33.643681984708884,-84.43130323498552,150.0,30,    ,false
10962,ATL,G.4N.03,33.64348238790312,-84.43131277170632,150.0,30,    ,false
10963,ATL,G.4N.04,33.643207170081695,-84.43131068343878,150.0,30,    ,false
10964,ATL,G.4N.05,33.64297126452302,-84.4313142439901,150.0,30,    ,false
10965,ATL,G.4N.06,33.64278516560568,-84.43130971351029,150.0,30,    ,false
10966,ATL,G.4N.07,33.64259074278015,-84.43130542581018,150.0,30,    ,false
10967,ATL,G.4N.08,33.64235767851099,-84.43131222281187,150.0,30,    ,false
10968,ATL,G.4N.09,33.64214673235451,-84.43131505840144,150.0,30,    ,false
10969,ATL,G.4N.10,33.641949602857636,-84.43131416903782,150.0,30,    ,false
10970,ATL,G.4N.11,33.64173041191563,-84.43132056151907,150.0,30,    ,false
10971,ATL,G.4N.12,33.64150255136362,-84.43131393220332,150.0,30,    ,false
10972,ATL,G.4N.13,33.641204028455,-84.43130881945946,150.0,30,    ,false
10973,ATL,G.4N.14,33.64386127082676,-84.43064678062677,150.0,30,    ,false
10974,ATL,G.4N.15,33.64389038763284,-84.43016509005791,150.0,30,    ,false
10975,ATL,G.4N.16,33.64392935729636,-84.42961277372989,150.0,30,    ,false
10976,ATL,G.4N.17,33.64353224115076,-84.43064258838537,150.0,30,    ,false
10977,ATL,G.4N.18,33.64310434030877,-84.4306448029237,150.0,30,    ,false
10978,ATL,G.4N.19,33.64284196948705,-84.43064599563222,150.0,30,    ,false
10979,ATL,G.4N.20,33.64262045348715,-84.43063958534003,150.0,30,    ,false
10980,ATL,G.4N.21,33.642406227288966,-84.43063530751775,150.0,30,    ,false
10981,ATL,G.4N.22,33.64213661879486,-84.43064092078261,150.0,30,    ,false
10982,ATL,G.4N.23,33.64194916560101,-84.4306421206976,150.0,30,    ,false
10983,ATL,G.4N.24,33.641713457961366,-84.43064045625333,150.0,30,    ,false
10984,ATL,G.4N.25,33.64147766775501,-84.43064100430333,150.0,30,    ,false
10985,ATL,G.4N.26,33.64109210354696,-84.43063936559253,150.0,30,    ,false
10073,ATL,G.R12.02,33.628735844140145,-84.42334391779772,150.0,30,   ,false
10422,ATL,S.9S.02G.9S.04,33.638379656725554,-84.41749556077535,150.0,30,null  ,false
10427,ATL,S.9S.02S.9S.02G.9S.04,33.63780088336971,-84.41748460248412,150.0,30,null  ,false
10440,ATL,S.A5.01G.A5.01,33.651427032654944,-84.42590541069242,150.0,30,null  ,false
10453,ATL,T.V.09T.E.01,33.644682123185035,-84.4408228028045,150.0,30,null  ,false
10604,ATL,T.L.24T.L.26,33.63654701785494,-84.42264468230867,150.0,30,null  ,false
10683,ATL,T.M.10T.L.10,33.63621311542247,-84.4375013269011,150.0,30,null  ,false
10686,ATL,T.M.06T.M.03,33.63580865175946,-84.44226129868025,150.0,30,null  ,false
10688,ATL,09L/27R.03T.M.03,33.63553513562371,-84.44488764924807,150.0,30,null  ,false
10689,ATL,T.M.06T.M.03T.M.03,33.63581418246218,-84.44450555085196,150.0,30,null  ,false
10692,ATL,T.N.15T.N10.02,33.633304183163084,-84.42450779771049,150.0,30,null  ,false
10694,ATL,T.L.31T.L.30,33.63655932324886,-84.41798717608502,150.0,30,null  ,false
10696,ATL,T.M.31T.M.33,33.635837049819706,-84.41817454873072,150.0,30,null  ,false
10697,ATL,T.L12.01,33.636189726131605,-84.4178807516467,150.0,30,  ,false
10699,ATL,S.R6.01G.R6.01,33.62980996657485,-84.4291902894739,150.0,30,null  ,false
10706,ATL,08L/26R.10T.B11.01,33.64907204673654,-84.41669245061085,150.0,30,null  ,false
10708,ATL,T.B11.01T.B.22,33.648289850331714,-84.41592984223173,150.0,30,null  ,false
10710,ATL,T.B.19T.B7.03,33.64824331104166,-84.42075109578823,150.0,30,null  ,false
10713,ATL,T.D.08T.D.07,33.64184198782223,-84.42241688076669,150.0,30,null  ,false
