LinkID,LinkName,AirportCode,NodeNameFrom,NodeNameTo,Length,MaxSpeed,MinimumAircraftSeparationDistance,LinkTypeID,RunwayAssociation
10001,10/28N01_10/28N02,BWI,10/28N01,10/28N02,565.2848468456206,20.0,200.0,30,10/28
10008,15L/33RN04_15L/33RN03,BWI,15L/33RN04,15L/33RN03,341.57488693658973,20.0,200.0,30,15L/33R
10009,15L/33RN03_15L/33RN02,BWI,15L/33RN03,15L/33RN02,94.93728267955802,20.0,200.0,30,15L/33R
10010,15L/33RN02_15L/33RN01,BWI,15L/33RN02,15L/33RN01,1227.4624799461494,20.0,200.0,30,15L/33R
10012,10/28N02_10/28N03,BWI,10/28N02,10/28N03,1263.9825857853812,20.0,200.0,30,10/28
10013,10/28N03_10/28N04,BWI,10/28N03,10/28N04,164.26927644687532,20.0,200.0,30,10/28
10014,10/28N04_10/28N05,BWI,10/28N04,10/28N05,1040.1279815300709,20.0,200.0,30,10/28
10015,10/28N05_10/28N06,BWI,10/28N05,10/28N06,162.68960269719497,20.0,200.0,30,10/28
10018,10/28N08_10/28N09,BWI,10/28N08,10/28N09,635.8904682372121,20.0,200.0,30,10/28
10019,10/28N09_10/28N10,BWI,10/28N09,10/28N10,1362.6931050808723,20.0,200.0,30,10/28
10020,10/28N10_10/28N11,BWI,10/28N10,10/28N11,1215.5883260467563,20.0,200.0,30,10/28
10021,10/28N11_10/28N12,BWI,10/28N11,10/28N12,132.2118950326401,20.0,200.0,30,10/28
10022,10/28N12_10/28N13,BWI,10/28N12,10/28N13,486.22812645883835,20.0,200.0,30,10/28
10024,15R/33LN01_15R/33LN02,BWI,15R/33LN01,15R/33LN02,1702.093175947185,20.0,200.0,30,15R/33L
10026,15R/33LN03_15R/33LN04,BWI,15R/33LN03,15R/33LN04,754.7412001567648,20.0,200.0,30,15R/33L
10029,15R/33LN06_15R/33LN07,BWI,15R/33LN06,15R/33LN07,1096.534895254675,20.0,200.0,30,15R/33L
10030,15R/33LN07_15R/33LN08,BWI,15R/33LN07,15R/33LN08,972.2797871816356,20.0,200.0,30,15R/33L
10031,10/28N06_10/28N08,BWI,10/28N06,10/28N08,1914.3305258861476,20.0,200.0,30,10/28
10038,O2N01_S2N01,BWI,O2N01,S2N01,203.4284990185941,20.0,200.0,10,null
10039,O3N01_S3N01,BWI,O3N01,S3N01,222.60231513865483,20.0,200.0,10,null
10040,O3N02_S3N02,BWI,O3N02,S3N02,222.94400732918376,20.0,200.0,10,null
10041,O3N03_S3N03,BWI,O3N03,S3N03,225.45198973249077,20.0,200.0,10,null
10042,O4N01_S4N01,BWI,O4N01,S4N01,281.4011203392401,20.0,200.0,10,null
10043,O4N02_S4N02,BWI,O4N02,S4N02,333.8847668461848,20.0,200.0,10,null
10044,S4N03_O4N03,BWI,S4N03,O4N03,362.22475243829314,20.0,200.0,10,null
10046,O4N01_O4N02,BWI,O4N01,O4N02,270.9457097546824,20.0,200.0,10,null
10047,O4N02_O4N03,BWI,O4N02,O4N03,279.5961813249767,20.0,200.0,10,null
10048,O4N03_O4N04,BWI,O4N03,O4N04,213.96662897557235,20.0,200.0,10,null
10049,O4N04_S4N06,BWI,O4N04,S4N06,133.18659207807994,20.0,200.0,10,null
10072,G6N18_S6N17,BWI,G6N18,S6N17,217.9804253874868,20.0,200.0,10,null
10082,G7N06_S7N04,BWI,G7N06,S7N04,138.74654535754664,20.0,200.0,10,null
10089,S8N02_G8N02,BWI,S8N02,G8N02,347.40099933910614,20.0,200.0,10,null
10091,S8N03_G8N03,BWI,S8N03,G8N03,329.7481181646368,20.0,200.0,10,null
10092,S8N04_G8N04,BWI,S8N04,G8N04,122.67964457453542,20.0,200.0,10,null
10096,O5N02_S5N01,BWI,O5N02,S5N01,91.58661182657032,20.0,200.0,10,null
10098,O5N03_S5N02,BWI,O5N03,S5N02,106.4705049788666,20.0,200.0,10,null
10099,O5N04_S5N02,BWI,O5N04,S5N02,147.9651742386725,20.0,200.0,10,null
10106,T.F.02_T.F.06,BWI,T.F.02,T.F.06,219.0076645936348,20.0,200.0,10,null
10107,T.F.06_T.F.07,BWI,T.F.06,T.F.07,126.27874731095899,20.0,200.0,10,null
10108,T.F.07_T.F.08,BWI,T.F.07,T.F.08,193.4047288065645,20.0,200.0,10,null
10109,T.F.08_T.F.03,BWI,T.F.08,T.F.03,1214.9819276500639,20.0,200.0,10,null
10110,O.W.01_S.W.01,BWI,O.W.01,S.W.01,230.20149823824397,20.0,200.0,10,null
10111,T.F.03_T.F.04,BWI,T.F.03,T.F.04,393.48709007056664,20.0,200.0,10,null
10114,T.F.05_15R/33LN03,BWI,T.F.05,15R/33LN03,230.84667231255412,20.0,200.0,10,null
10116,T.F.08_O.F.01,BWI,T.F.08,O.F.01,195.49896651628816,20.0,200.0,10,null
10117,O.F.01_T.F.06,BWI,O.F.01,T.F.06,191.04723803150458,20.0,200.0,10,null
10118,T.F.07_T.F1.01,BWI,T.F.07,T.F1.01,143.4805561072324,20.0,200.0,10,null
10119,T.F1.01_10/28N02,BWI,T.F1.01,10/28N02,309.95181362088545,20.0,200.0,10,null
10122,T.F.10_T.F.11,BWI,T.F.10,T.F.11,72.15969798312285,20.0,200.0,10,null
10123,T.R.01_T.R.02,BWI,T.R.01,T.R.02,978.8855175417558,20.0,200.0,10,null
10124,T.R.02_T.R.03,BWI,T.R.02,T.R.03,255.41681032355027,20.0,200.0,10,null
10125,T.R.03_T.R.04,BWI,T.R.03,T.R.04,360.91901306549045,20.0,200.0,10,null
10126,T.R.04_T.R.05,BWI,T.R.04,T.R.05,205.37391232927783,20.0,200.0,10,null
10127,T.R.05_15R/33LN04,BWI,T.R.05,15R/33LN04,268.9671713191359,20.0,200.0,10,null
10128,15R/33LN04_T.R.06,BWI,15R/33LN04,T.R.06,240.58791135463684,20.0,200.0,10,null
10129,T.R.02_T.R1.01,BWI,T.R.02,T.R1.01,182.64767529467358,20.0,200.0,10,null
10130,T.R.03_T.R1.01,BWI,T.R.03,T.R1.01,201.3591484450538,20.0,200.0,10,null
10131,10/28N06_T.R1.01,BWI,10/28N06,T.R1.01,262.78207775507485,20.0,200.0,10,null
10132,T.R1.01_10/28N05,BWI,T.R1.01,10/28N05,206.01179090829896,20.0,200.0,10,null
10133,10/28N03_T.G.03,BWI,10/28N03,T.G.03,242.36747187657826,20.0,200.0,10,null
10134,T.G.03_T.G.02,BWI,T.G.03,T.G.02,229.93503141910438,20.0,200.0,10,null
10135,T.G.02_T.G.01,BWI,T.G.02,T.G.01,210.67071916740957,20.0,200.0,10,null
10136,T.G.01_T.F.04,BWI,T.G.01,T.F.04,315.29647155143994,20.0,200.0,10,null
10137,T.G.01_T.F.03,BWI,T.G.01,T.F.03,187.3307862381609,20.0,200.0,10,null
10138,T.G.02_T.R.01,BWI,T.G.02,T.R.01,164.359434672483,20.0,200.0,10,null
10139,T.G.03_T.R.01,BWI,T.G.03,T.R.01,155.58854307569013,20.0,200.0,10,null
10140,T.G.03_10/28N04,BWI,T.G.03,10/28N04,295.81438418970106,20.0,200.0,10,null
10141,T.D.01_T.D.02,BWI,T.D.01,T.D.02,507.16945819250424,20.0,200.0,10,null
10142,T.D.02_T.D.03,BWI,T.D.02,T.D.03,548.7772416642138,20.0,200.0,10,null
10143,T.D.03_T.D.04,BWI,T.D.03,T.D.04,1076.9437756965756,20.0,200.0,10,null
10144,T.D.04_T.D.05,BWI,T.D.04,T.D.05,978.9314037451015,20.0,200.0,10,null
10145,T.D.05_15R/33LN08,BWI,T.D.05,15R/33LN08,455.61209112388605,20.0,200.0,10,null
10146,T.D.04_15R/33LN07,BWI,T.D.04,15R/33LN07,492.4812810908534,20.0,200.0,10,null
10147,T.D.03_15R/33LN06,BWI,T.D.03,15R/33LN06,475.94510904796635,20.0,200.0,10,null
10148,T.D.01_10/28N08,BWI,T.D.01,10/28N08,102.70521049137876,20.0,200.0,10,null
10149,15L/33RN09_T.Q.14,BWI,15L/33RN09,T.Q.14,110.73981421431908,20.0,200.0,10,null
10151,15L/33RN07_T.M.01,BWI,15L/33RN07,T.M.01,124.38638225629933,20.0,200.0,10,null
10152,T.Q.12_T.M.01,BWI,T.Q.12,T.M.01,280.2935309173418,20.0,200.0,10,null
10154,15L/33RN04_T.L.01,BWI,15L/33RN04,T.L.01,89.3118099121707,20.0,200.0,10,null
10156,T.Q.01_T.Q.02,BWI,T.Q.01,T.Q.02,149.56487613375594,20.0,200.0,10,null
10159,T.Q.04_T.Q.05,BWI,T.Q.04,T.Q.05,84.18612120474823,20.0,200.0,10,null
10160,T.Q.05_T.Q.06,BWI,T.Q.05,T.Q.06,66.50287777426524,20.0,200.0,10,null
10161,T.Q.06_T.Q.07,BWI,T.Q.06,T.Q.07,130.18949409688395,20.0,200.0,10,null
10162,T.Q.07_T.Q.09,BWI,T.Q.07,T.Q.09,133.84082786880427,20.0,200.0,10,null
10163,T.Q.09_T.Q.10,BWI,T.Q.09,T.Q.10,99.20442234145422,20.0,200.0,10,null
10164,T.Q.10_T.Q.11,BWI,T.Q.10,T.Q.11,69.83664610523452,20.0,200.0,10,null
10165,T.Q.11_T.Q.12,BWI,T.Q.11,T.Q.12,807.7030397978262,20.0,200.0,10,null
10166,T.Q.12_T.Q.13,BWI,T.Q.12,T.Q.13,1646.0949959775985,20.0,200.0,10,null
10167,T.Q.13_T.Q.14,BWI,T.Q.13,T.Q.14,145.5148087411063,20.0,200.0,10,null
10169,T.M.02_T.M.03,BWI,T.M.02,T.M.03,101.03698768511055,20.0,200.0,10,null
10171,15L/33RN05_T.L.01,BWI,15L/33RN05,T.L.01,99.34075447108302,20.0,200.0,10,null
10172,T.L.01_T.L.02,BWI,T.L.01,T.L.02,156.5931631909174,20.0,200.0,10,null
10173,T.L.02_T.Q.11,BWI,T.L.02,T.Q.11,44.66040988275946,20.0,200.0,10,null
10174,T.L.02_T.Q.10,BWI,T.L.02,T.Q.10,48.940370812589656,20.0,200.0,10,null
10175,T.Q.09_S3N03,BWI,T.Q.09,S3N03,105.11688165799318,20.0,200.0,10,null
10176,T.Q.07_S3N03,BWI,T.Q.07,S3N03,110.35930369580318,20.0,200.0,10,null
10177,T.Q.07_S3N02,BWI,T.Q.07,S3N02,116.3990891133681,20.0,200.0,10,null
10178,T.Q.06_S3N02,BWI,T.Q.06,S3N02,99.01435028105875,20.0,200.0,10,null
10180,T.Q.04_S3N01,BWI,T.Q.04,S3N01,117.18988586675941,20.0,200.0,10,null
10186,O.Q.02_O.Q.01,BWI,O.Q.02,O.Q.01,73.89477539644504,20.0,200.0,10,null
10188,T.J.01_T.J.02,BWI,T.J.01,T.J.02,340.4518316689642,20.0,200.0,10,null
10190,15L/33RN09_T.S.08,BWI,15L/33RN09,T.S.08,105.94804988600316,20.0,200.0,10,null
10191,T.J.01_T.S.01,BWI,T.J.01,T.S.01,684.48268020018,20.0,200.0,10,null
10194,T.S.03_T.S.04,BWI,T.S.03,T.S.04,152.92919629337854,20.0,200.0,10,null
10195,T.S.04_T.S.05,BWI,T.S.04,T.S.05,162.500180427878,20.0,200.0,10,null
10196,T.S.05_T.S.06,BWI,T.S.05,T.S.06,329.34964374403955,20.0,200.0,10,null
10200,T.S.05_O.S.01,BWI,T.S.05,O.S.01,111.24272569903863,20.0,200.0,10,null
10201,O.S.01_O.S.02,BWI,O.S.01,O.S.02,150.74781100460123,20.0,200.0,10,null
10202,O.S.02_T.S.06,BWI,O.S.02,T.S.06,136.61823886771793,20.0,200.0,10,null
10203,T.S.03_T.M.03,BWI,T.S.03,T.M.03,91.32343711004884,20.0,200.0,10,null
10204,T.S.04_T.M.03,BWI,T.S.04,T.M.03,111.07029196643154,20.0,200.0,10,null
10205,15L/33RN05_15L/33RN07,BWI,15L/33RN05,15L/33RN07,953.1005210372313,20.0,200.0,30,15L/33R
10206,15L/33RN02_T.K.02,BWI,15L/33RN02,T.K.02,77.73335740660094,20.0,200.0,10,null
10207,15L/33RN02_T.K.03,BWI,15L/33RN02,T.K.03,94.57750962402876,20.0,200.0,10,null
10208,T.K.02_T.K.01,BWI,T.K.02,T.K.01,148.80921451881343,20.0,200.0,10,null
10209,T.K.03_T.K.04,BWI,T.K.03,T.K.04,126.16862670937468,20.0,200.0,10,null
10210,T.K.04_T.S.02,BWI,T.K.04,T.S.02,870.5690143044943,20.0,200.0,10,null
10211,T.K.01_T.Q.04,BWI,T.K.01,T.Q.04,68.57340541355876,20.0,200.0,10,null
10212,T.K.01_T.Q.05,BWI,T.K.01,T.Q.05,41.65673815502951,20.0,200.0,10,null
10218,15R/33LN01_T.P.01,BWI,15R/33LN01,T.P.01,297.5950763637816,20.0,200.0,10,null
10004,15R/33LN03_T.F.12,BWI,15R/33LN03,T.F.12,218.88670925630245,20.0,200.0,10,null
10113,T.F.04_T.F.09,BWI,T.F.04,T.F.09,185.15464889910803,20.0,200.0,10,null
10115,T.F.09_S.W.01,BWI,T.F.09,S.W.01,138.16585968236652,20.0,200.0,10,null
10120,T.F.09_T.F.05,BWI,T.F.09,T.F.05,932.018237214826,20.0,200.0,10,null
10219,T.B.04_S8N04,BWI,T.B.04,S8N04,134.42468643440768,20.0,200.0,10,null
10221,T.B.03_T.B.02,BWI,T.B.03,T.B.02,206.18607653938747,20.0,200.0,10,null
10222,T.B.02_T.P.20,BWI,T.B.02,T.P.20,127.3528902618272,20.0,200.0,10,null
10223,T.P.20_T.B.01,BWI,T.P.20,T.B.01,1667.1087285875062,20.0,200.0,10,null
10226,10/28N12_T.V.01,BWI,10/28N12,T.V.01,295.24106541909094,20.0,200.0,10,null
10227,T.V.01_T.V.02,BWI,T.V.01,T.V.02,204.32825679370012,20.0,200.0,10,null
10228,T.V.02_T.V.03,BWI,T.V.02,T.V.03,215.21658517040535,20.0,200.0,10,null
10229,10/28N13_T.V.03,BWI,10/28N13,T.V.03,219.83185691744202,20.0,200.0,10,null
10230,10/28N12_T.C.13,BWI,10/28N12,T.C.13,197.65300716225167,20.0,200.0,10,null
10231,10/28N11_T.C.13,BWI,10/28N11,T.C.13,156.97088878852318,20.0,200.0,10,null
10234,T.P.19_T.C.03,BWI,T.P.19,T.C.03,472.5720040043158,20.0,200.0,10,null
10235,T.C.03_T.C.04,BWI,T.C.03,T.C.04,122.12320367205585,20.0,200.0,10,null
10236,T.C.04_T.C.05,BWI,T.C.04,T.C.05,74.07375150309961,20.0,200.0,10,null
10237,T.C.05_T.C.06,BWI,T.C.05,T.C.06,198.0841067425753,20.0,200.0,10,null
10238,T.C.06_T.C.07,BWI,T.C.06,T.C.07,127.27991507794854,20.0,200.0,10,null
10239,T.C.07_T.C.08,BWI,T.C.07,T.C.08,147.37017912172078,20.0,200.0,10,null
10240,T.C.08_T.C.09,BWI,T.C.08,T.C.09,490.2165136296259,20.0,200.0,10,null
10243,T.C.11_T.C.12,BWI,T.C.11,T.C.12,198.88944013196388,20.0,200.0,10,null
10244,T.C.12_T.C.13,BWI,T.C.12,T.C.13,221.79336610867168,20.0,200.0,10,null
10245,T.B.01_T.C.09,BWI,T.B.01,T.C.09,125.48313902765904,20.0,200.0,10,null
10252,10/28N10_T.U1.01,BWI,10/28N10,T.U1.01,363.45455481525056,20.0,200.0,10,null
10253,T.U.01_T.U.02,BWI,T.U.01,T.U.02,787.9789923074993,20.0,200.0,10,null
10258,T.U.07_T.U.03,BWI,T.U.07,T.U.03,132.5920405158476,20.0,200.0,10,null
10259,T.U.03_T.U.08,BWI,T.U.03,T.U.08,121.12320124171465,20.0,200.0,10,null
10260,T.U.08_T.U.09,BWI,T.U.08,T.U.09,145.21385540423128,20.0,200.0,10,null
10261,T.U.09_T.U.04,BWI,T.U.09,T.U.04,128.95300210266956,20.0,200.0,10,null
10262,T.U.04_T.U.05,BWI,T.U.04,T.U.05,162.00285280289205,20.0,200.0,10,null
10263,T.U.05_T.C.12,BWI,T.U.05,T.C.12,382.39304184934156,20.0,200.0,10,null
10271,T.U.02_O.U.01,BWI,T.U.02,O.U.01,171.6737580491341,20.0,200.0,10,null
10274,O.U.02_T.U.07,BWI,O.U.02,T.U.07,164.76109507145554,20.0,200.0,10,null
10279,O.U.04_T.U.07,BWI,O.U.04,T.U.07,167.2501115781977,20.0,200.0,10,null
10280,O.U.04_T.U.03,BWI,O.U.04,T.U.03,167.7440935987022,20.0,200.0,10,null
10281,O.U.05_T.U.03,BWI,O.U.05,T.U.03,166.42442907718572,20.0,200.0,10,null
10282,O.U.05_T.U.08,BWI,O.U.05,T.U.08,168.0299464674126,20.0,200.0,10,null
10283,O.U.06_T.U.08,BWI,O.U.06,T.U.08,162.03987800183455,20.0,200.0,10,null
10284,O.U.06_T.U.09,BWI,O.U.06,T.U.09,168.88611821743925,20.0,200.0,10,null
10285,T.U1.01_T.U.04,BWI,T.U1.01,T.U.04,296.93749934021866,20.0,200.0,10,null
10286,T.U1.01_T.U.03,BWI,T.U1.01,T.U.03,215.93229198462933,20.0,200.0,10,null
10287,T.D.02_10/28N09,BWI,T.D.02,10/28N09,554.7111416162387,20.0,200.0,10,null
10288,10/28N09_T.U2.01,BWI,10/28N09,T.U2.01,325.2496740217043,20.0,200.0,10,null
10289,10/28N08_T.E.02,BWI,10/28N08,T.E.02,256.2777758556132,20.0,200.0,10,null
10290,T.P.01_T.P.02,BWI,T.P.01,T.P.02,370.0434889749519,20.0,200.0,10,null
10291,T.P.02_T.P.03,BWI,T.P.02,T.P.03,232.54286665551467,20.0,200.0,10,null
10292,T.P.03_T.P.04,BWI,T.P.03,T.P.04,246.4925229883906,20.0,200.0,10,null
10293,T.P.04_T.P.05,BWI,T.P.04,T.P.05,310.60221165973115,20.0,200.0,10,null
10294,T.P.05_T.P.06,BWI,T.P.05,T.P.06,352.9076066403548,20.0,200.0,10,null
10296,T.P.07_T.P.08,BWI,T.P.07,T.P.08,1048.0149425714862,20.0,200.0,10,null
10298,T.P.09_T.P.10,BWI,T.P.09,T.P.10,700.5560106458141,20.0,200.0,10,null
10299,T.P.10_T.P.11,BWI,T.P.10,T.P.11,126.79243666706694,20.0,200.0,10,null
10300,T.P.11_T.P.12,BWI,T.P.11,T.P.12,358.7575739771667,20.0,200.0,10,null
10301,T.P.12_T.P.13,BWI,T.P.12,T.P.13,272.0268173043031,20.0,200.0,10,null
10302,T.P.13_T.P.14,BWI,T.P.13,T.P.14,312.4662770314674,20.0,200.0,10,null
10304,T.P.15_T.P.16,BWI,T.P.15,T.P.16,427.5903573888084,20.0,200.0,10,null
10306,T.P.17_T.P.18,BWI,T.P.17,T.P.18,830.4242465695955,20.0,200.0,10,null
10307,T.P.18_T.P.19,BWI,T.P.18,T.P.19,155.4172977719867,20.0,200.0,10,null
10308,T.P.19_T.P.20,BWO,T.P.19,T.P.20,977.1305870278512,20.0,200.0,10,null
10310,T.P.02_S4N01,BWI,T.P.02,S4N01,163.91818972608124,20.0,200.0,0,null
10311,T.P.03_S4N02,BWI,T.P.03,S4N02,180.6942283552836,20.0,200.0,0,null
10312,T.P.04_S4N03,BWI,T.P.04,S4N03,179.65193059790292,20.0,200.0,0,null
10314,15R/33LN02_T.H.01,BWI,15R/33LN02,T.H.01,253.6318930336617,20.0,200.0,10,null
10315,T.H.01_T.P.07,BWI,T.H.01,T.P.07,130.69117120389365,20.0,200.0,10,null
10317,T.H.02_T.P.06,BWI,T.H.02,T.P.06,105.65937339823836,20.0,200.0,10,null
10318,T.H.02_T.P.07,BWI,T.H.02,T.P.07,115.243509644756,20.0,200.0,10,null
10320,T.H.02_T.T.01,BWI,T.H.02,T.T.01,164.19577758654296,20.0,200.0,10,null
10323,T.T.01_T.T.02,BWI,T.T.01,T.T.02,247.1355742794982,20.0,200.0,10,null
10324,T.F.12_T.P.08,BWI,T.F.12,T.P.08,180.11596381695526,20.0,200.0,10,null
10325,T.F.12_T.P.09,BWI,T.F.12,T.P.09,199.6735737719449,20.0,200.0,10,null
10326,T.P.08_T.F.10,BWI,T.P.08,T.F.10,113.15254162416953,20.0,200.0,10,null
10327,T.F.10_T.P.09,BWI,T.F.10,T.P.09,130.74293967184875,20.0,200.0,10,null
10328,T.R.06_T.P.10,BWI,T.R.06,T.P.10,120.80175494290158,20.0,200.0,10,null
10329,T.R.06_T.P.11,BWI,T.R.06,T.P.11,127.31382213736127,20.0,200.0,10,null
10330,T.P.14_T.E.02,BWI,T.P.14,T.E.02,139.6675305973961,20.0,200.0,10,null
10331,T.E.02_T.P.15,BWI,T.E.02,T.P.15,131.62016626899953,20.0,200.0,10,null
10332,T.P.14_T.E.01,BWI,T.P.14,T.E.01,137.55374078093584,20.0,200.0,10,null
10333,T.E.01_T.P.15,BWI,T.E.01,T.P.15,147.61470959153763,20.0,200.0,10,null
10336,T.U.01_T.P.17,BWI,T.U.01,T.P.17,165.55663188743156,20.0,200.0,10,null
10337,T.P.16_T.P.21,BWI,T.P.16,T.P.21,180.12611768223942,20.0,200.0,10,null
10338,T.P.21_T.P.17,BWI,T.P.21,T.P.17,242.0554669488105,20.0,200.0,10,null
10340,T.P.21_T.P1.01,BWI,T.P.21,T.P1.01,140.67898066686885,20.0,200.0,10,null
10341,T.P.16_T.P1.01,BWI,T.P.16,T.P1.01,183.54906056778097,20.0,200.0,10,null
10342,T.U2.01_T.U.01,BWI,T.U2.01,T.U.01,189.10589475525208,20.0,200.0,10,null
10346,T.T.02_T.T.03,BWI,T.T.02,T.T.03,86.87822663796135,20.0,200.0,10,null
10351,T.T.05_T.T.06,BWI,T.T.05,T.T.06,130.75720737532282,20.0,200.0,10,null
10352,T.T.06_T.T.07,BWI,T.T.06,T.T.07,122.57404952930595,20.0,200.0,10,null
10353,T.T.07_T.T.08,BWI,T.T.07,T.T.08,107.50099349422075,20.0,200.0,10,null
10354,T.T.08_T.T.09,BWI,T.T.08,T.T.09,61.75258155480733,20.0,200.0,10,null
10355,T.T.09_T.T.10,BWI,T.T.09,T.T.10,62.73982048167681,20.0,200.0,10,null
10356,T.T.10_T.T.11,BWI,T.T.10,T.T.11,108.8511803726564,20.0,200.0,10,null
10357,T.T.11_T.T.12,BWI,T.T.11,T.T.12,133.2409598946625,20.0,200.0,10,null
10358,T.T.12_T.T.13,BWI,T.T.12,T.T.13,139.72932459982172,20.0,200.0,10,null
10359,T.T.13_T.T.14,BWI,T.T.13,T.T.14,130.38994771451377,20.0,200.0,10,null
10360,T.T.14_T.T.15,BWI,T.T.14,T.T.15,132.59535094433673,20.0,200.0,10,null
10361,T.T.15_T.T.16,BWI,T.T.15,T.T.16,113.66794864038395,20.0,200.0,10,null
10362,T.T.16_T.T.17,BWI,T.T.16,T.T.17,164.90711248889014,20.0,200.0,10,null
10363,T.T.17_T.T.18,BWI,T.T.17,T.T.18,130.74265989739297,20.0,200.0,10,null
10364,T.T.18_T.T.19,BWI,T.T.18,T.T.19,199.49506548616537,20.0,200.0,10,null
10365,T.T.19_T.T.20,BWI,T.T.19,T.T.20,291.5483661149399,20.0,200.0,10,null
10366,T.T.20_T.T.21,BWI,T.T.20,T.T.21,173.1634707311349,20.0,200.0,10,null
10367,T.T.21_T.T.22,BWI,T.T.21,T.T.22,148.3537727588803,20.0,200.0,10,null
10368,T.T.22_T.T.23,BWI,T.T.22,T.T.23,136.11287749401225,20.0,200.0,10,null
10369,T.T.23_T.T.24,BWI,T.T.23,T.T.24,222.520467650549,20.0,200.0,10,null
10370,T.T.24_T.T.25,BWI,T.T.24,T.T.25,150.0103013964195,20.0,200.0,10,null
10371,T.T.25_T.T.26,BWI,T.T.25,T.T.26,118.9077445301728,20.0,200.0,10,null
10372,T.T.26_T.T.27,BWI,T.T.26,T.T.27,715.0779145445384,20.0,200.0,10,null
10375,T.T.29_T.B.02,BWI,T.T.29,T.B.02,151.21249165330374,20.0,200.0,10,null
10376,T.T.29_T.B.03,BWI,T.T.29,T.B.03,137.8069309415955,20.0,200.0,10,null
10377,T.T.28_T.T.30,BWI,T.T.28,T.T.30,214.41354938859527,20.0,200.0,10,null
10378,T.T.30_T.T.31,BWI,T.T.30,T.T.31,141.65016062425434,20.0,200.0,10,null
10381,T.T.02_S5N02,BWI,T.T.02,S5N02,127.12750912709134,20.0,200.0,10,null
10382,T.T.03_S5N02,BWI,T.T.03,S5N02,123.89962365227791,20.0,200.0,10,null
10384,T.T.05_S6N02,BWI,T.T.05,S6N02,121.47752608537519,20.0,200.0,10,null
10385,T.T.06_S6N03,BWI,T.T.06,S6N03,119.35020290607699,20.0,200.0,10,null
10386,T.T.07_S6N04,BWI,T.T.07,S6N04,120.52953587853035,20.0,200.0,10,null
10387,T.T.08_S6N05,BWI,T.T.08,S6N05,121.17905727654484,20.0,200.0,10,null
10388,T.T.10_S6N06,BWI,T.T.10,S6N06,119.60553442240538,20.0,200.0,10,null
10389,T.T.11_S6N07,BWI,T.T.11,S6N07,124.00969437480474,20.0,200.0,10,null
10390,T.F.11_T.T.11,BWI,T.F.11,T.T.11,104.53799003676885,20.0,200.0,10,null
10391,T.F.11_T.T.09,BWI,T.F.11,T.T.09,111.10980423196146,20.0,200.0,10,null
10392,T.T.12_S6N08,BWI,T.T.12,S6N08,123.15578094032216,20.0,200.0,10,null
10394,T.T.14_S6N10,BWI,T.T.14,S6N10,107.06457235414352,20.0,200.0,10,null
10395,T.T.15_S6N11,BWI,T.T.15,S6N11,129.58740187917434,20.0,200.0,10,null
10396,T.T.16_S6N12,BWI,T.T.16,S6N12,138.86750126527923,20.0,200.0,10,null
10397,T.T.17_S6N13,BWI,T.T.17,S6N13,132.9460640334337,20.0,200.0,10,null
10398,T.T.18_S6N14,BWI,T.T.18,S6N14,145.95931143493522,20.0,200.0,10,null
10399,T.T.19_S6N15,BWI,T.T.19,S6N15,119.34070163607775,20.0,200.0,10,null
10400,T.T.20_S6N16,BWI,T.T.20,S6N16,155.8147776016187,20.0,200.0,10,null
10401,T.T.21_T.E.01,BWI,T.T.21,T.E.01,140.61630334554016,20.0,200.0,10,null
10402,T.E.01_T.T.22,BWI,T.E.01,T.T.22,128.60078569773265,20.0,200.0,10,null
10403,T.T.22_S6N17,BWI,T.T.22,S6N17,152.9490474282758,20.0,200.0,10,null
10404,T.T.23_S6N17,BWI,T.T.23,S6N17,152.36559268874046,20.0,200.0,10,null
10405,T.T.25_T.P1.01,BWI,T.T.25,T.P1.01,84.33849125665064,20.0,200.0,10,null
10406,T.P1.01_T.T.26,BWI,T.P1.01,T.T.26,97.59069070793655,20.0,200.0,10,null
10407,T.T.27_T.C.01,BWI,T.T.27,T.C.01,157.62711999056384,20.0,200.0,10,null
10408,T.C.02_T.T.28,BWI,T.C.02,T.T.28,95.61949391272154,20.0,200.0,10,null
10409,S7N07_T.T.30,BWI,S7N07,T.T.30,146.83307050236013,20.0,200.0,10,null
10412,T.T.24_T.A.01,BWI,T.T.24,T.A.01,118.33975042761865,20.0,200.0,10,null
10413,T.A.01_T.A.02,BWI,T.A.01,T.A.02,188.15298556205067,20.0,200.0,10,null
10414,T.A.02_T.A.03,BWI,T.A.02,T.A.03,169.94558624126054,20.0,200.0,10,null
10415,T.A.03_T.A.04,BWI,T.A.03,T.A.04,272.11366880238205,20.0,200.0,10,null
10416,T.A.04_T.A.05,BWI,T.A.04,T.A.05,142.26728014216903,20.0,200.0,10,null
10417,T.A.05_T.T.28,BWI,T.A.05,T.T.28,350.4241465712014,20.0,200.0,10,null
10419,T.A.05_T.T.27,BWI,T.A.05,T.T.27,133.98068362325427,20.0,200.0,10,null
10420,T.A.01_T.T.25,BWI,T.A.01,T.T.25,118.72426096815981,20.0,200.0,10,null
10422,S7N02_T.A.03,BWI,S7N02,T.A.03,114.61333112888451,20.0,200.0,10,null
10423,S7N03_T.A.04,BWI,S7N03,T.A.04,116.11402892114504,20.0,200.0,10,null
10424,S7N04_T.A.04,BWI,S7N04,T.A.04,127.00430065387783,20.0,200.0,10,null
10425,S7N04_T.A.05,BWI,S7N04,T.A.05,165.64277704904381,20.0,200.0,10,null
10426,S7N05_T.A.05,BWI,S7N05,T.A.05,122.68292432053731,20.0,200.0,10,null
10427,S7N06_T.T.28,BWI,S7N06,T.T.28,146.5330772645281,20.0,200.0,10,null
10428,O5N02_O5N03,BWI,O5N02,O5N03,301.00422546613026,20.0,200.0,10,null
10429,O5N05_O5N06,BWI,O5N05,O5N06,243.01240748085354,20.0,200.0,10,null
10430,O5N09_O5N10,BWI,O5N09,O5N10,252.9488181331604,20.0,200.0,10,null
10432,O5N04_O5N08,BWI,O5N04,O5N08,126.79589851358689,20.0,200.0,10,null
10433,O5N08_O5N12,BWI,O5N08,O5N12,109.96749820962559,20.0,200.0,10,null
10437,O5N07_O5N09,BWI,O5N07,O5N09,81.14084414984248,20.0,200.0,10,null
10438,O5N03_O5N04,BWI,O5N03,O5N04,70.24347966504246,20.0,200.0,0,null
10439,O5N06_O5N04,BWI,O5N06,O5N04,106.93329868995427,20.0,200.0,10,null
10440,O5N06_O5N08,BWI,O5N06,O5N08,100.87321706187369,20.0,200.0,10,null
10441,O5N08_O5N10,BWI,O5N08,O5N10,95.98603194098897,20.0,200.0,10,null
10442,O5N10_O5N12,BWI,O5N10,O5N12,89.13757719662146,20.0,200.0,0,null
10443,O5N12_O5N13,BWI,O5N12,O5N13,89.01561684371156,20.0,200.0,0,null
10444,O5N12_O5N14,BWI,O5N12,O5N14,87.12418208321735,20.0,200.0,0,null
10445,O5N13_O5N14,BWI,O5N13,O5N14,91.72429682407295,20.0,200.0,0,null
10448,10/28N03_T.G.04,BWI,10/28N03,T.G.04,135.82206268533957,20.0,200.0,10,null
10449,10/28N04_T.G.04,BWI,10/28N04,T.G.04,214.55731519826065,20.0,200.0,10,null
10450,10/28N05_T.R1.02,BWI,10/28N05,T.R1.02,127.94720105576926,20.0,200.0,10,null
10451,10/28N06_T.R1.02,BWI,10/28N06,T.R1.02,204.49879006259633,20.0,200.0,10,null
10453,T.G.04_S.G.01,BWI,T.G.04,S.G.01,460.0987657126599,20.0,200.0,10,null
10454,T.R1.02_S.R1.01,BWI,T.R1.02,S.R1.01,474.9797605158571,20.0,200.0,10,null
10455,S.R1.01_O1N03,BWI,S.R1.01,O1N03,100.25341095060213,20.0,200.0,10,null
10456,S.G.01_O1N02,BWI,S.G.01,O1N02,131.3341645635992,20.0,200.0,0,null
10457,S.G.01_S.R1.01,BWI,S.G.01,S.R1.01,1207.6521689464269,20.0,200.0,10,null
10458,S.G.01_O1N01,BWI,S.G.01,O1N01,760.1718370411214,20.0,200.0,10,null
10461,T.T.13_S6N09,BWI,T.T.13,S6N09,106.38458150798411,20.0,200.0,10,null
10468,G.A.01_S.A.01,BWI,G.A.01,S.A.01,282.19318646829623,20.0,200.0,10,null
10469,G.A.02_G.A.01,BWI,G.A.02,G.A.01,99.44453615172456,20.0,200.0,10,null
10470,G.A.02_S6N17,BWI,G.A.02,S6N17,276.4280691569627,20.0,200.0,10,null
10471,S.A.01_T.A.02,BWI,S.A.01,T.A.02,111.87423468432188,20.0,200.0,10,null
10472,G.A.02_G6N20,BWI,G.A.02,G6N20,160.3068784464645,20.0,200.0,10,null
10474,G7N03_S.A.01,BWI,G7N03,S.A.01,120.25974226987213,20.0,200.0,10,null
10476,S.J.01_T.J.01,BWI,S.J.01,T.J.01,222.19145919861234,20.0,200.0,10,null
10479,S5N01_O.H.01,BWI,S5N01,O.H.01,155.48200738141713,20.0,200.0,10,null
10480,O.H.01_O5N05,BWI,O.H.01,O5N05,81.59757406022253,20.0,200.0,10,null
10481,O.H.01_O5N07,BWI,O.H.01,O5N07,123.55313329644011,20.0,200.0,10,null
10482,T.F.02_T.F.01,BWI,T.F.02,T.F.01,150.14873857647092,20.0,200.0,10,null
10483,10/28N01_T.F.01,BWI,10/28N01,T.F.01,238.14641261186105,20.0,200.0,10,null
10484,T.S.07_T.S.08,BWI,T.S.07,T.S.08,218.8302182651929,20.0,200.0,10,null
10485,T.S.07_T.S.06,BWI,T.S.07,T.S.06,244.84860127878434,20.0,200.0,10,null
10486,15L/33RN07_15L/33RN08a,BWI,15L/33RN07,15L/33RN08a,246.99151872466595,20.0,200.0,30,null
10487,15L/33RN08a_15L/33RN09,BWI,15L/33RN08a,15L/33RN09,1219.6107304296181,20.0,200.0,30,null
10488,15L/33RN08a_T.M.02,BWI,15L/33RN08a,T.M.02,410.7303698253132,20.0,200.0,10,null
10489,15L/33RN08a_T.M.01,BWI,15L/33RN08a,T.M.01,223.0785044258308,20.0,200.0,10,null
10490,T.Q.02_T.Q.03a,BWI,T.Q.02,T.Q.03a,966.4717965942879,20.0,200.0,10,null
10491,T.Q.03a_S3N01,BWI,T.Q.03a,S3N01,99.72736161021973,20.0,200.0,10,null
10492,T.Q.03a_T.Q.04,BWI,T.Q.03a,T.Q.04,122.84888426027715,20.0,200.0,10,null
10494,T.N.01a_T.B.04,BWI,T.N.01,T.B.04,146.95832252641245,20.0,200.0,10,null
10497,T.C.09_T.C.10a,BWI,T.C.09,T.C.10,115.53989917820631,20.0,200.0,10,null
10500,T.N.01_T.B.04,BWI,T.N.01,T.B.04,146.95832252641245,20.0,200.0,10,null
10502,T.C.09_T.C.10,BWI,T.C.09,T.C.10,115.53989917820631,20.0,200.0,10,null
10503,T.C.10_T.U.05,BWI,T.C.10,T.U.05,356.19465706926076,20.0,200.0,10,null
10504,T.C.10_T.C.11,BWI,T.C.10,T.C.11,158.26375935638305,20.0,200.0,10,null
10505,T.T.03_T.T.04,BWI,T.T.03,T.T.04,157.1949011663344,20.0,200.0,10,null
10506,T.T.04_S6N01,BWI,T.T.04,S6N01,116.2799271014462,20.0,200.0,10,null
10507,T.T.04_T.T.05,BWI,T.T.04,T.T.05,120.60659556958373,20.0,200.0,10,null
10508,T.U.02_T.U.06a,BWI,T.U.02,T.U.06,141.6749486537484,20.0,200.0,10,null
10509,T.U.02_T.U.06,BWI,T.U.02,T.U.06,141.6749486537484,20.0,200.0,10,null
10510,T.U.06_T.U.07,BWI,T.U.06,T.U.07,145.3558541802033,20.0,200.0,10,null
10511,O.U.01_T.U.06,BWI,O.U.01,T.U.06,164.70447297011268,20.0,200.0,10,null
10512,O.U.02_T.U.06,BWI,O.U.02,T.U.06,176.74347161284237,20.0,200.0,10,null
10514,15R/33LN05_S.Y.01,BWI,15R/33LN05,S.Y.01,239.87394597528737,20.0,200.0,10,null
10515,15R/33LN09_S2N01,BWI,15R/33LN09,S2N01,272.74419146934366,20.0,200.0,10,null
10516,15R/33LN04_15R/33LN05,BWI,15R/33LN04,15R/33LN05,1528.5901746635886,20.0,200.0,30,15R/33L
10517,15R/33LN05_15R/33LN09,BWI,15R/33LN05,15R/33LN09,500.6396861283868,20.0,200.0,30,15R/33L
10518,15R/33LN09_15R/33LN06,BWI,15R/33LN09,15R/33LN06,366.00421255223654,20.0,200.0,30,15R/33L
10002,S4N04_T.P.05,BWI,S4N04,T.P.05,161.27893570176158,20.0,200.0,0,null
10003,O4N05_S4N04,BWI,O4N05,S4N04,213.8106618929468,20.0,200.0,10,null
10005,S4N05_O4N05,BWI,S4N05,O4N05,61.65298820125542,20.0,200.0,10,null
10011,S4N06_S4N05,BWI,S4N06,S4N05,76.94920767701906,20.0,200.0,0,null
10016,T.C.09_O.C.02,BWI,T.C.09,O.C.02,373.2833223298882,20.0,200.0,10,null
10017,O.C.02_T.C.13,BWI,O.C.02,T.C.13,448.5906757851119,20.0,200.0,10,null
10027,D15_S7N06,BWI,D15,S7N06,162.27582776172727,20.0,200.0,10,null
10028,D16_S7N05,BWI,D16,S7N05,218.0784022663223,20.0,200.0,10,null
10032,C11_S7N03,BWI,C11,S7N03,172.3100836303424,20.0,200.0,10,null
10033,C13_S7N02,BWI,C13,S7N02,150.87466198514272,20.0,200.0,10,null
10034,C14_G7N03,BWI,C14,G7N03,108.49135746600652,20.0,200.0,10,null
10035,C12_G.A.01,BWI,C12,G.A.01,187.53160271447595,20.0,200.0,10,null
10036,A1_S6N10,BWI,A1,S6N10,198.12195872043424,20.0,200.0,10,null
10037,A2_S6N09,BWI,A2,S6N09,199.08263960945325,20.0,200.0,10,null
10045,A3_S6N08,BWI,A3,S6N08,188.12421093841206,20.0,200.0,10,null
10050,A4_S6N07,BWI,A4,S6N07,180.48722313725733,20.0,200.0,10,null
10051,A5_S6N06,BWI,A5,S6N06,183.5323199004615,20.0,200.0,10,null
10052,A7_S6N05,BWI,A7,S6N05,121.53773381992848,20.0,200.0,10,null
10053,A9_S6N04,BWI,A9,S6N04,120.07284130125129,20.0,200.0,10,null
10054,A11_S6N03,BWI,A11,S6N03,119.1072231084625,20.0,200.0,10,null
10055,B2_S6N10,BWI,B2,S6N10,192.0033100181813,20.0,200.0,10,null
10056,B4_S6N11,BWI,B4,S6N11,146.40246454947427,20.0,200.0,10,null
10063,B6_S6N12,BWI,B6,S6N12,161.1021595288743,20.0,200.0,10,null
10073,B8_S6N13,BWI,B8,S6N13,153.85348737430022,20.0,200.0,10,null
10074,B10_S6N14,BWI,B10,S6N14,151.92153524912874,20.0,200.0,10,null
10075,B12_S6N15,BWI,B12,S6N15,138.12587764818176,20.0,200.0,10,null
10076,B14_S6N16,BWI,B14,S6N16,128.525673063283,20.0,200.0,10,null
10077,O.H.11_O5N07,BWI,O.H.11,O5N07,166.01379354708214,20.0,200.0,10,null
10078,O.H.11_O5N13,BWI,O.H.11,O5N13,302.26770657959787,20.0,200.0,10,null
10079,T.N.02_T.N.01,BWI,T.N.02,T.N.01,173.54032955518556,20.0,200.0,10,null
10088,T.N.02_S8N03,BWI,T.N.02,S8N03,196.05089048828904,20.0,200.0,10,null
10090,T.N.02_S8N02,BWI,T.N.02,S8N02,139.0286121139833,20.0,200.0,10,null
10093,O.J.01_S.J.01,BWI,O.J.01,S.J.01,215.80893501443612,20.0,200.0,10,null
10094,O.J.01_G8N02,BWI,O.J.01,G8N02,308.0977047221299,20.0,200.0,10,null
10095,G8N02_O.J.02,BWI,G8N02,O.J.02,392.31423409773237,20.0,200.0,10,null
10097,O.J.01_O.J.02,BWI,O.J.01,O.J.02,244.42575473293505,20.0,200.0,10,null
10101,O.J.02_O.J.3,BWI,O.J.02,O.J.3,181.85248222391604,20.0,200.0,10,null
10102,O.J.02_O.J.4,BWI,O.J.02,O.J.4,160.76122143698203,20.0,200.0,10,null
10103,O.J.01_O.J.5,BWI,O.J.01,O.J.5,260.7507185160958,20.0,200.0,10,null
10104,T.J.02_T.J.03,BWI,T.J.02,T.J.03,98.62457731081723,20.0,200.0,10,null
10105,15L/33RN01_T.J.03,BWI,15L/33RN01,T.J.03,102.13019879584772,20.0,200.0,10,null
10121,15L/33RN01_T.Q.21,BWI,15L/33RN01,T.Q.21,107.83698747018089,20.0,200.0,10,null
10150,T.Q.21_T.Q.01,BWI,T.Q.21,T.Q.01,175.25977004674138,20.0,200.0,10,null
10157,T.P.20_T.P.22,BWI,T.P.20,T.P.22,194.7119227459872,20.0,200.0,10,null
10158,T.P.22_T.B.02,BWI,T.P.22,T.B.02,186.0257990455047,20.0,200.0,10,null
10168,T.P.22_T.S.02,BWI,T.P.22,T.S.02,112.42153627135046,20.0,200.0,10,null
10179,T.S.09_T.P.22,BWI,T.S.09,T.P.22,93.04671396038094,20.0,200.0,10,null
10181,T.S.09_T.S.02,BWI,T.S.09,T.S.02,116.1691447234535,20.0,200.0,10,null
10187,T.S.09_T.S.03,BWI,T.S.09,T.S.03,1089.2667613707547,20.0,200.0,10,null
10197,T.N.03_T.N.01,BWI,T.N.03,T.N.01,159.73587296838292,20.0,200.0,10,null
10198,T.S.01_T.N.03,BWI,T.S.01,T.N.03,120.56655494801622,20.0,200.0,10,null
10199,T.S.10_T.N.03,BWI,T.S.10,T.N.03,135.4809548169066,20.0,200.0,10,null
10213,T.S.10_T.S.01,BWI,T.S.10,T.S.01,179.61649938429017,20.0,200.0,10,null
10214,T.S.10_T.S.02,BWI,T.S.10,T.S.02,1102.4241261704278,20.0,200.0,10,null
10215,O.U.10_T.C.03,BWI,O.U.10,T.C.03,217.0963067208362,20.0,200.0,10,null
10216,O.U.10_O.U.11,BWI,O.U.10,O.U.11,181.46547207034257,20.0,200.0,10,null
10224,O.U.11_O.U.12,BWI,O.U.11,O.U.12,137.57075870355717,20.0,200.0,10,null
10225,O.U.12_O.U.13,BWI,O.U.12,O.U.13,182.1722208904676,20.0,200.0,10,null
10241,O.U.13_T.C.08,BWI,O.U.13,T.C.08,216.60308250172994,20.0,200.0,10,null
10242,O.U.12_T.C.07,BWI,O.U.12,T.C.07,235.8054598811494,20.0,200.0,10,null
10246,O.U.11_T.C.06,BWI,O.U.11,T.C.06,239.75115970471174,20.0,200.0,10,null
10248,O.U.01_O.U.02,BWI,O.U.01,O.U.02,147.48778291182717,20.0,200.0,10,null
10249,O.U.02_O.U.04,BWI,O.U.02,O.U.04,122.24175654694588,20.0,200.0,10,null
10250,O.U.04_O.U.05,BWI,O.U.04,O.U.05,126.17500473365642,20.0,200.0,10,null
10251,O.U.05_O.U.06,BWI,O.U.05,O.U.06,127.9840752198634,20.0,200.0,10,null
10057,A6_T.H.12,BWI,A6,T.H.12,155.75795622422066,20.0,200.0,10,null
10058,A8_T.H.11,BWI,A8,T.H.11,174.41286505311484,20.0,200.0,10,null
10059,A10_T.H.10,BWI,A10,T.H.10,162.0062396055938,20.0,200.0,10,null
10060,T.H.12_T.H.11,BWI,T.H.12,T.H.11,150.6133246080719,20.0,200.0,10,null
10062,T.H.11_T.H.10,BWI,T.H.11,T.H.10,141.89423708752494,20.0,200.0,10,null
10065,O5N14_T.H.13,BWI,O5N14,T.H.13,189.271010727366,20.0,200.0,10,null
10066,T.H.13_T.H.10,BWI,T.H.13,T.H.10,101.3774470298464,20.0,200.0,10,null
10067,A.P1_S6N02,BWI,A.P1,S6N02,132.1255471392077,20.0,200.0,10,null
10068,A.P2_S6N01,BWI,A.P2,S6N01,132.75553210318375,20.0,200.0,10,null
10069,A.P3_S5N02,BWI,A.P3,S5N02,211.57719464304608,20.0,200.0,10,null
10070,A.P4_O5N08,BWI,A.P4,O5N08,165.4363955078838,20.0,200.0,10,null
10081,A.P6_T.H.13,BWI,A.P6,T.H.13,174.87971417421113,20.0,200.0,10,null
10083,D2_G.BC.01,BWI,D2,G.BC.01,143.76173099695347,20.0,200.0,10,null
10084,D4_G.BC.02,BWI,D4,G.BC.02,254.75905455299687,20.0,200.0,10,null
10255,C1_G.BC.01,BWI,C1,G.BC.01,189.43945839812886,20.0,200.0,10,null
10256,C3_G.BC.02,BWI,C3,G.BC.02,253.67948078425604,20.0,200.0,10,null
10257,C5_G.BC.03,BWI,C5,G.BC.03,257.74512018244474,20.0,200.0,10,null
10267,D8_G.BC.02,BWI,D8,G.BC.02,234.9163335370746,20.0,200.0,10,null
10272,G.BC.02_G.BC.03,BWI,G.BC.02,G.BC.03,177.48221689976694,20.0,200.0,10,null
10273,D10_G.BC.03,BWI,D10,G.BC.03,249.66719261645932,20.0,200.0,10,null
10275,C7_G.BC.04,BWI,C7,G.BC.04,269.95594968826066,20.0,200.0,10,null
10278,C9_G7N06,BWI,C9,G7N06,263.0458630064161,20.0,200.0,10,null
10313,D12_G.BC.04,BWI,D12,G.BC.04,247.5670902504758,20.0,200.0,10,null
10322,G.BC.03_G.BC.04,BWI,G.BC.03,G.BC.04,146.41045949617742,20.0,200.0,10,null
10347,D14_G7N06,BWI,D14,G7N06,272.32463205784944,20.0,200.0,10,null
10348,G.BC.04_G7N06,BWI,G.BC.04,G7N06,171.36538213211668,20.0,200.0,10,null
10350,D20_G7N10,BWI,D20,G7N10,230.38780988136807,20.0,200.0,10,null
10383,D22_G7N10,BWI,D22,G7N10,233.67391901043143,20.0,200.0,10,null
10393,D24_G7N11,BWI,D24,G7N11,205.10354631167237,20.0,200.0,10,null
10421,D26_G7N11,BWI,D26,G7N11,225.41174933994768,20.0,200.0,10,null
10431,D38_G7N11,BWI,D38,G7N11,256.2933329401142,20.0,200.0,10,null
10434,D39_G7N11,BWI,D39,G7N11,216.304646511827,20.0,200.0,10,null
10435,D40_G7N11,BWI,D40,G7N11,191.94691085951771,20.0,200.0,10,null
10446,D46_S7N10,BWI,D46,S7N10,241.88797227940083,20.0,200.0,10,null
10462,S7N08_T.T.30,BWI,S7N08,T.T.30,199.42024245516558,20.0,200.0,10,null
10464,T.T.31_T.T.33,BWI,T.T.31,T.T.33,142.88557431768032,20.0,200.0,10,null
10465,T.T.33_T.T.32,BWI,T.T.33,T.T.32,133.59709699448936,20.0,200.0,10,null
10466,S7N10_T.T.32,BWI,S7N10,T.T.32,139.87192253409216,20.0,200.0,10,null
10467,D47_G7N12,BWI,D47,G7N12,176.05025116661608,20.0,200.0,10,null
10475,G7N11_G7N12,BWI,G7N11,G7N12,114.0970652054421,20.0,200.0,10,null
10477,G7N12_S7N10,BWI,G7N12,S7N10,164.44464993890125,20.0,200.0,10,null
10478,D7_G7N10,BWI,D7,G7N10,235.84020453648859,20.0,200.0,10,null
10513,D11_G7N09,BWI,D11,G7N09,275.6597779550968,20.0,200.0,10,null
10519,D13_S7N07,BWI,D13,S7N07,196.38197085732799,20.0,200.0,10,null
10520,G7N10_G7N09,BWI,G7N10,G7N09,204.4966436232394,20.0,200.0,10,null
10521,G7N09_S7N08,BWI,G7N09,S7N08,133.81622874445958,20.0,200.0,10,null
10524,G7N09_S7N09,BWI,G7N09,S7N09,161.3757513890482,20.0,200.0,10,null
10526,D33_S7N16,BWI,D33,S7N16,85.6523753429999,20.0,200.0,10,null
10527,D32_S7N16,BWI,D32,S7N16,86.12000800249346,20.0,200.0,10,null
10528,D31_S7N15,BWI,D31,S7N15,92.83733871374913,20.0,200.0,10,null
10529,D30_S7N15,BWI,D30,S7N15,84.08612784223521,20.0,200.0,10,null
10530,D36_S7N14,BWI,D36,S7N14,91.02575282877763,20.0,200.0,10,null
10531,D37_S7N14,BWI,D37,S7N14,88.9827369929818,20.0,200.0,10,null
10532,D41_S7N13,BWI,D41,S7N13,105.81262558908521,20.0,200.0,10,null
10533,D42_S7N13,BWI,D42,S7N13,97.15944980718788,20.0,200.0,10,null
10534,D44_S7N12,BWI,D44,S7N12,53.35913178208486,20.0,200.0,10,null
10535,D45_S7N11,BWI,D45,S7N11,80.43451798149471,20.0,200.0,10,null
10536,S7N12_T.T.29,BWI,S7N12,T.T.29,155.75772138213554,20.0,200.0,10,null
10537,T.T.32_T.T.34,BWI,T.T.32,T.T.34,137.0350135577031,20.0,200.0,10,null
10538,T.T.34_T.T.29,BWI,T.T.34,T.T.29,194.93684858184824,20.0,200.0,10,null
10539,S7N11_T.T.34,BWI,S7N11,T.T.34,130.73314720965388,20.0,200.0,10,null
10540,S7N13_T.B.08,BWI,S7N13,T.B.08,135.5198277922772,20.0,200.0,10,null
10541,S7N14_T.B.07,BWI,S7N14,T.B.07,133.98450575358632,20.0,200.0,10,null
10542,S7N15_T.B.06,BWI,S7N15,T.B.06,133.97522324791427,20.0,200.0,10,null
10543,S7N16_T.B.05,BWI,S7N16,T.B.05,138.58563447904066,20.0,200.0,10,null
10544,T.B.04_T.B.05,BWI,T.B.04,T.B.05,261.60014212329946,20.0,200.0,10,null
10545,T.B.05_T.B.06,BWI,T.B.05,T.B.06,120.97634306453145,20.0,200.0,10,null
10546,T.B.06_T.B.07,BWI,T.B.06,T.B.07,155.61933781595633,20.0,200.0,10,null
10547,T.B.07_T.B.08,BWI,T.B.07,T.B.08,134.57779797980425,20.0,200.0,10,null
10548,T.B.08_T.B.03,BWI,T.B.08,T.B.03,130.23893428492144,20.0,200.0,10,null
10549,D27_G.D07,BWI,D27,G.D07,309.7146337700892,20.0,200.0,10,null
10550,D29_G.D.08,BWI,D29,G.D.08,322.3598118556388,20.0,200.0,10,null
10551,D35_G8N04,BWI,D35,G8N04,162.9528975488925,20.0,200.0,10,null
10552,D34_G8N04,BWI,D34,G8N04,150.54530743909376,20.0,200.0,10,null
10553,D3_G.D.06,BWI,D3,G.D.06,254.86327285904662,20.0,200.0,10,null
10555,D21_G.D.09,BWI,D21,G.D.09,300.97712494374645,20.0,200.0,10,null
10557,D25_G.D.10,BWI,D25,G.D.10,250.3010650303358,20.0,200.0,10,null
10559,E4_G.E.05,BWI,E4,G.E.05,292.9114702766335,20.0,200.0,10,null
10560,E6_G8N03,BWI,E6,G8N03,394.6496018132511,20.0,200.0,10,null
10561,E8_G8N03,BWI,E8,G8N03,318.2562253499075,20.0,200.0,10,null
10562,E2_G.D.06,BWI,E2,G.D.06,308.75579962132974,20.0,200.0,10,null
10563,G.E.05_G8N03,BWI,G.E.05,G8N03,235.16409099320472,20.0,200.0,10,null
10564,D5_G.D.09,BWI,D5,G.D.09,313.69793637233914,20.0,200.0,10,null
10565,D23_G.D.10,BWI,D23,G.D.10,268.8892342422787,20.0,200.0,10,null
10566,G.D.06_G.D.09,BWI,G.D.06,G.D.09,114.0957828341157,20.0,200.0,10,null
10567,G.D.09_G.D.10,BWI,G.D.09,G.D.10,134.726120059716,20.0,200.0,10,null
10568,G.D.10_G.D07,BWI,G.D.10,G.D07,244.0766695733773,20.0,200.0,10,null
10569,G.D07_G.D.08,BWI,G.D07,G.D.08,169.47399442366256,20.0,200.0,10,null
10570,G.D.08_G8N04,BWI,G.D.08,G8N04,81.58143441265648,20.0,200.0,10,null
10571,E1_G.E.02,BWI,E1,G.E.02,305.5312506163357,20.0,200.0,10,null
10572,F17_G.F.01,BWI,F17,G.F.01,126.0334527329228,20.0,200.0,10,null
10573,F18_G.F.01,BWI,F18,G.F.01,107.76539213253415,20.0,200.0,10,null
10574,F19_G.F.01,BWI,F19,G.F.01,107.5125617774445,20.0,200.0,10,null
10575,E3_G.E.01,BWI,E3,G.E.01,310.3483213610958,20.0,200.0,10,null
10576,G.E.02_G.F.01,BWI,G.E.02,G.F.01,110.00009112556126,20.0,200.0,10,null
10577,G.F.01_G.E.01,BWI,G.F.01,G.E.01,121.53713189022186,20.0,200.0,10,null
10578,G.E.01_O.J.3,BWI,G.E.01,O.J.3,180.81847956879957,20.0,200.0,10,null
10579,G.F.02_O.J.4,BWI,G.F.02,O.J.4,470.0453169211612,20.0,200.0,10,null
10580,F3_G.F.03,BWI,F3,G.F.03,223.43649469786106,20.0,200.0,10,null
10581,F2_G.F.02,BWI,F2,G.F.02,269.9339981171307,20.0,200.0,10,null
10582,F1_G.F.02,BWI,F1,G.F.02,228.76359101169695,20.0,200.0,10,null
10583,G.F.03_G.F.02,BWI,G.F.03,G.F.02,268.6754373925113,20.0,200.0,10,null
10100,A.P.5_O5N14,BWI,A.P.5,O5N14,204.5048715184316,20.0,200.0,10,null
10007,T.Q.02_O.Q.02,BWI,T.Q.02,O.Q.02,77.14670356213091,20.0,200.0,10,null
10155,T.Q.01_O.Q.01,BWI,T.Q.01,O.Q.01,60.902648678654614,20.0,200.0,10,null
10182,15L/33RN04_15L/33RN05,BWI,15L/33RN04,15L/33RN05,124.80941997813785,20.0,200.0,30,15L/33R
10184,T.C.04_O.U.11,BWI,T.C.04,O.U.11,246.6683095249153,20.0,200.0,10,null
10185,T.P.18_T.C.20,BWI,T.P.18,T.C.20,126.86136731445796,20.0,200.0,10,null
10189,T.C.20_T.C.02,BWI,T.C.20,T.C.02,79.3696952315127,20.0,200.0,10,null
10192,T.P.19_T.C.20,BWI,T.P.19,T.C.20,155.50153262792395,20.0,200.0,10,null
10193,T.C.20_T.C.01,BWI,T.C.20,T.C.01,109.8829776930569,20.0,200.0,10,null
10217,T.C.01_T.T.51,BWI,T.C.01,T.T.51,61.279265364440654,20.0,200.0,10,null
10220,T.T.51_T.A.05,BWI,T.T.51,T.A.05,169.33666743928205,20.0,200.0,10,null
10309,T.T.27_T.T.51,BWI,T.T.27,T.T.51,113.74515473648047,20.0,200.0,10,null
10459,T.T.51_T.T.28,BWI,T.T.51,T.T.28,213.70371082303262,20.0,200.0,10,null
10460,T.U2.01_T.P.31,BWI,T.U2.01,T.P.31,72.53686737465273,20.0,200.0,10,null
10493,T.P.31_T.U.01,BWI,T.P.31,T.U.01,139.30301822021622,20.0,200.0,10,null
10495,T.P.31_T.P.17,BWI,T.P.31,T.P.17,174.27271337144165,20.0,200.0,10,null
10496,T.P.31_T.P.32,BWI,T.P.31,T.P.32,106.65106191632907,20.0,200.0,10,null
10498,T.P.21_T.P.32,BWI,T.P.21,T.P.32,46.46356436352704,20.0,200.0,10,null
10499,T.P.32_T.U2.01,BWI,T.P.32,T.U2.01,86.16671658704966,20.0,200.0,10,null
10501,T.P.32_T.P.16,BWI,T.P.32,T.P.16,200.401349517047,20.0,200.0,10,null
10554,T.E.01_T.P.33,BWI,T.E.01,T.P.33,101.22940481823834,20.0,200.0,10,null
10556,T.P.15_T.P.33,BWI,T.P.15,T.P.33,100.7672768261165,20.0,200.0,10,null
10558,T.E.02_T.P.33,BWI,T.E.02,T.P.33,91.58261787019322,20.0,200.0,10,null
10584,T.P.14_T.P.33,BWI,T.P.14,T.P.33,99.89044756564911,20.0,200.0,10,null
10585,T.F.12_T.F.21,BWI,T.F.12,T.F.21,165.2319699654873,20.0,200.0,10,null
10586,T.F.10_T.F.21,BWI,T.F.10,T.F.21,78.01940439023006,20.0,200.0,10,null
10587,T.P.08_T.F.21,BWI,T.P.08,T.F.21,80.08815374026706,20.0,200.0,10,null
10588,T.F.21_T.P.09,BWI,T.F.21,T.P.09,106.0098315067541,20.0,200.0,10,null
10589,15R/33LN10_15R/33LN03,BWI,15R/33LN10,15R/33LN03,110.15759829221855,20.0,200.0,30,15R/33L
10590,15R/33LN10_15R/33LN02,BWI,15R/33LN10,15R/33LN02,1119.4488825031422,20.0,200.0,10,null
10591,T.F.05_15R/33LN10,BWI,T.F.05,15R/33LN10,180.73572237974656,20.0,200.0,10,null
10592,15R/33LN10_T.F.12,BWI,15R/33LN10,T.F.12,181.5571645095722,20.0,200.0,10,null
10593,T.T.01_T.T.61,BWI,T.T.01,T.T.61,113.75158621246547,20.0,200.0,10,null
10594,T.T.61_S5N01,BWI,T.T.61,S5N01,60.62272358711294,20.0,200.0,10,null
10595,T.H.02_T.T.61,BWI,T.H.02,T.T.61,196.7463338077312,20.0,200.0,10,null
10596,S4N06_T.T.61,BWI,S4N06,T.T.61,83.8316957515438,20.0,200.0,10,null
10598,T.H.02_T.H.21,BWI,T.H.02,T.H.21,74.04461087247365,20.0,200.0,10,null
10599,T.P.07_T.H.21,BWI,T.P.07,T.H.21,85.22939806481179,20.0,200.0,10,null
10600,T.H.01_T.H.21,BWI,T.H.01,T.H.21,104.40844445802831,20.0,200.0,10,null
10601,T.H.21_T.P.06,BWI,T.H.21,T.P.06,78.11452061326935,20.0,200.0,10,null
10602,G7N12_S7N09,BWI,G7N12,S7N09,221.86427102189413,20.0,200.0,10,null
10006,G.BC.01_G.BC.02,BWi,G.BC.01,G.BC.02,176.98193345291983,20.0,200.0,10,null
10023,T.C.09_O.C.01,BWi,T.C.09,O.C.01,161.24786074017928,20.0,200.0,10,null
10025,T.B.01_O.C.01,BWi,T.B.01,O.C.01,213.7879071866705,20.0,200.0,10,null
10061,O.C.01_O.C.02,BWi,O.C.01,O.C.02,276.08301341897624,20.0,200.0,10,null
10071,O.C.03_T.C.13,BWi,O.C.03,T.C.13,317.7323843040847,20.0,200.0,10,null
10080,O.C.02_O.C.03,BWi,O.C.02,O.C.03,147.6687194767338,20.0,200.0,10,null
10085,B13_G.A.02,BWI,B13,G.A.02,266.67470661528023,20.0,200.0,10,null
10086,C10_G.A.02,BWI,C10,G.A.02,250.541930690221,20.0,200.0,10,null
10087,C6_G6N20,BWI,C6,G6N20,267.9810234780522,20.0,200.0,10,null
10112,B11_G6N20,BWI,B11,G6N20,245.33931143538723,20.0,200.0,10,null
10153,C4_G6N41,BWI,C4,G6N41,272.50590298873584,20.0,200.0,10,null
10170,B9_G6N41,BWI,B9,G6N41,231.72757833143328,20.0,200.0,10,null
10183,G6N20_G6N41,BWI,G6N20,G6N41,146.51934718012643,20.0,200.0,10,null
10232,B7_G6N42,BWI,B7,G6N42,233.47973307436126,20.0,200.0,10,null
10233,C2_G6N42,BWI,C2,G6N42,262.2711453861354,20.0,200.0,10,null
10247,B5_G6N43,BWI,B5,G6N43,219.76429095123893,20.0,200.0,10,null
10254,G6N43_G6N42,BWI,G6N43,G6N42,131.6924029183845,20.0,200.0,10,null
10265,G6N42_G6N41,BWI,G6N42,G6N41,121.0147367850825,20.0,200.0,10,null
10266,G6N44_G6N43,BWI,G6N44,G6N43,104.18749622494923,20.0,200.0,10,null
10268,B3_G6N44,BWI,B3,G6N44,231.3544331667048,20.0,200.0,10,null
10269,S7N09_T.T.31,BWI,S7N09,T.T.31,186.9515950974382,20.0,200.0,10,null
10270,S7N09_T.T.32,BWI,S7N09,T.T.32,211.67778972287326,20.0,200.0,10,null
10276,B15_G6N18,BWI,B15,G6N18,107.63191461595606,20.0,200.0,10,null
